city;lat;lng;population
Shanghai;31.1667;121.4667;22120000
Guangzhou;23.1288;113.259;20902000
Beijing;39.905;116.3914;19433000
Shenzhen;22.535;114.054;15929000
Nanyang;32.9987;112.5292;12010000
Baoding;38.8671;115.4845;11860000
Chengdu;30.66;104.0633;11309000
Linyi;35.0606;118.3425;10820000
Tianjin;39.1467;117.2056;10800000
Shijiazhuang;38.0422;114.5086;10784600
Zhoukou;33.625;114.6418;9901000
Handan;36.6116;114.4894;9549700
Weifang;36.7167;119.1;9373000
Wuhan;30.5872;114.2881;8962000
Heze;35.2333;115.4333;8750000
Ganzhou;25.8292;114.9336;8677600
Tongshan;34.261;117.1859;8669000
Changsha;28.1987;112.9709;8394500
Fuyang;32.8986;115.8045;8360000
Jining;35.4;116.5667;8023000
Dongguan;23.0475;113.7493;7981000
Jinan;36.6667;116.9833;7967400
Foshan;23.0292;113.1056;7905700
Chongqing;29.5628;106.5528;7739000
Changchun;43.9;125.2;7674439
Zhumadian;32.9773;114.0253;7640000
Ningbo;29.875;121.5492;7639000
Cangzhou;38.3037;116.8452;7544300
Nanjing;32.05;118.7667;7496000
Hefei;31.8639;117.2808;7457027
Zhanjiang;21.1967;110.4031;7332000
Shaoyang;27.2418;111.4725;7302400
Hengyang;26.8968;112.5857;7300600
Nantong;31.9829;120.8873;7282835
Yancheng;33.3936;120.1339;7260240
Nanning;22.8192;108.315;7153300
Xi’an;34.2667;108.9;7135000
Shenyang;41.8039;123.4258;7105000
Tangshan;39.6292;118.1742;7100000
Zhengzhou;34.7492;113.6605;7005000
Shangqiu;34.4259;115.6467;7000000
Yantai;37.3997;121.2664;6968202
Xinyang;32.1264;114.0672;6634000
Shangrao;28.4419;117.9633;6579714
Luoyang;34.6587;112.4245;6549941
Bijie;27.3019;105.2863;6537498
Quanzhou;24.9139;118.5858;6480000
Hangzhou;30.25;120.1675;6446000
Huanggang;30.45;114.875;6333000
Maoming;21.6618;110.9178;6313200
Kunming;25.0433;102.7061;6250000
Nanchong;30.7991;106.0784;6183000
Zunyi;27.705;106.9336;6127009
Lu’an;31.7542;116.5078;6090000
Jieyang;23.5533;116.3649;6089400
Yichun;27.8041;114.383;6048700
Changde;29.0397;111.6839;6011000
Taizhou;28.6583;121.4221;5968838
Liaocheng;36.45;115.9833;5955300
Qujing;25.5102;103.8029;5855055
Qingdao;36.1167;120.4;5775000
Dazhou;31.2152;107.4947;5693000
Suzhou;33.6333;116.9683;5690000
Xiangyang;32.0654;112.1531;5680000
Nangandao;35.2992;113.8851;5516000
Tai’an;36.2001;117.0809;5499000
Yulin;22.6293;110.1507;5487368
Dezhou;37.4513;116.3105;5470000
Yongzhou;26.4515;111.5953;5446100
Suihua;46.6384;126.9808;5420000
Qiqihar;47.3398;123.9512;5367003
Jinhua;29.1046;119.6494;5361572
Shantou;23.3735;116.6941;5319028
Weinan;34.4996;109.4684;5300000
Suqian;33.9331;118.2831;5290000
Suzhou;31.304;120.6164;5250000
Fuzhou;26.0769;119.2917;5245000
Zhaotong;27.3328;103.7144;5213521
Pudong;31.2231;121.5397;5187200
Zhangzhou;24.5093;117.6612;5140000
Bozhou;33.8626;115.7742;5100000
Nanchang;28.6842;115.8872;5042565
Xianyang;34.35;108.7167;5040000
Taizhou;32.4831;119.9;5031000
Huaihua;27.5494;109.9592;4983300
Ji’an;27.1172;114.9793;4956600
Mianyang;31.4669;104.7385;4945000
Xiaoganzhan;30.9273;113.911;4921000
Shaoxing;30;120.5833;4912239
Yuncheng;35.0304;110.998;4860000
Pingdingshan;33.735;113.2999;4838000
Huizhou;23.1115;114.4152;4830000
Huai’an;33.5;119.1331;4799889
Xinpu;34.5906;119.1801;4790000
Chenzhou;25.7989;113.0267;4754600
Guilin;25.2667;110.2833;4747963
Jiujiang;29.7048;116.0021;4728778
Anqing;30.5;117.0333;4723000
Huanglongsi;34.7936;114.3403;4676159
Jiangmen;22.5833;113.0833;4630300
Changzhou;31.8122;119.9692;4592431
Wuxi;31.5667;120.2833;4580000
Zibo;36.7831;118.0497;4530597
Jiaxing;30.7522;120.75;4501657
Dalian;38.9;121.6;4480000
Hengshui;37.7348;115.686;4472000
Yangzhou;32.3912;119.4363;4459000
Harbin;45.75;126.6333;4458000
Yibin;28.7596;104.64;4456000
Yiyang;28.5833;112.3333;4420700
Meizhou;24.2998;116.1191;4378800
Chifeng;42.2663;118.9223;4376600
Guiyang;26.5794;106.7078;4365000
Langfang;39.5196;116.7006;4358839
Zhangjiakou;40.8108;114.8811;4345491
Linfen;36.0812;111.5087;4316610
Wenzhou;27.9991;120.6561;4310000
Luzhou;28.8918;105.4409;4291000
Jiangguanchi;34.0244;113.8201;4289000
Neijiang;29.5872;105.0635;4238000
Yanjiang;30.1256;104.6397;4217000
Zhaoqing;23.05;112.4667;4151700
Xiaoxita;30.7083;111.2803;4137900
Guigang;23.0961;109.6092;4118808
Xiamen;24.4797;118.0819;4110000
Chuzhou;32.3062;118.3115;4110000
Fuzhou;27.9814;116.3577;4047200
Zhuzhou;27.8407;113.1469;4028500
Loudi;27.7378;111.9974;3941300
Deyang;31.1289;104.395;3877000
Qingyuan;23.6842;113.0507;3874000
Wuhu;31.334;118.3622;3842100
Hechi;23.0965;109.6091;3830000
Binzhou;37.3806;118.0125;3779200
Liuzhou;24.3264;109.4281;3758704
Baojishi;34.3609;107.1751;3738700
Guang’an;30.4673;106.6336;3723000
Hanzhong;33.0794;107.026;3700000
Zaozhuang;34.8667;117.55;3650000
Anshan;41.1066;122.9895;3645884
Lanzhou;36.0617;103.8318;3616163
Chengde;40.9739;117.9322;3610000
Puyang;35.7639;115.03;3580000
Suining;30.5098;105.5737;3556000
Jiaozuo;35.229;113.2304;3540101
Bengbu;32.9354;117.3531;3525000
Baicheng;23.901;106.6194;3466758
Qincheng;34.5809;105.7311;3400000
Taiyuan;37.8733;112.5425;3398000
Shiyan;32.6351;110.7755;3398000
Chaoyang;41.5757;120.4486;3370000
Hechi;24.6928;108.085;3369251
Leshan;29.5854;103.7575;3364000
Yulinshi;38.2655;109.7388;3328000
Siping;43.1715;124.3644;3300000
Zhongshan;22.5333;113.35;3260000
Changzhi;36.1953;113.097;3230000
Qinhuangdao;39.9398;119.5881;3146300
Bazhou;31.8576;106.7559;3134000
Zhenjiang;32.2109;119.4551;3113384
Ürümqi;43.8225;87.6125;3112559
Tongliao;43.6172;122.264;3094600
Heyuan;23.7503;114.6923;3093900
Tongren;27.7233;109.1885;3093204
Qinzhou;21.95;108.6167;3079721
Xinzhou;38.4178;112.7233;3067501
Meishan;30.0575;103.8381;3020000
Jinzhou;41.1144;121.1292;3000000
Tieling;42.2841;123.8365;3000000
Shaoguan;24.8011;113.5927;2997600
Shanwei;22.7664;115.3331;2993600
Dingxi;35.5806;104.6263;2930000
Ningde;26.6667;119.5167;2910000
Daqing;46.5979;125.008;2904532
Putian;25.4394;119.0103;2900000
Huzhou;30.8695;120.0958;2893542
Wuzhou;23.4833;111.3167;2882200
Xiangtan;27.8431;112.9228;2881500
Zigong;29.3498;104.7645;2800000
Mudanjiang;44.5861;129.5997;2790000
Huludao;40.7094;120.8378;2787000
Rizhao;35.4164;119.4331;2720000
Baotou;40.6562;109.8345;2700000
Nanping;26.6448;118.1728;2690000
Chaozhou;23.67;116.63;2656600
Longyan;25.0881;117.0244;2640000
Hohhot;40.8151;111.6629;2635000
Longba;33.535;105.349;2614000
Weihai;37.5;122.1;2596753
Xuanzhou;30.9475;118.7518;2580000
Sanming;26.2658;117.6302;2580000
Yangjiang;21.8556;111.9627;2555600
Yunfu;22.9242;112.0353;2526900
Baoshan;25.1211;99.169;2506491
Luohe;33.583;114.0109;2500000
Qinbaling;35.7278;107.64;2500000
Guangyuan;32.4353;105.8398;2484122
Huangshi;30.2018;115.0326;2471700
Lincang;23.8864;100.0871;2429497
Lianshan;40.7503;120.83;2426000
Huainan;32.4831;117.0164;2409000
Dandong;40.1167;124.3833;2400000
Shangzhou;33.868;109.9244;2400000
Jilin;43.85;126.55;2396000
Jiamusi;46.8081;130.3653;2360000
Yuxi;24.3495;102.5432;2303518
Anshun;26.2456;105.934;2297612
Yingkou;40.6653;122.2297;2220000
Sanmenxia;34.7736;111.195;2213000
Ma’anshan;31.7135;118.3605;2202899
Pingliang;35.5412;106.6819;2190000
Quzhou;28.9545;118.8763;2185000
Gaoping;30.7804;106.13;2174000
Huaibei;33.9562;116.789;2158000
Xining;36.6239;101.7787;2154000
Yan’an;36.5952;109.4863;2150000
Jincheng;35.4906;112.8483;2120000
Puning;23.2993;116.1586;2118200
Lishui;28.45;119.9167;2116957
Qingyang;24.8141;118.5792;2111000
Laibin;23.7333;109.2333;2099711
Fushun;41.8708;123.8917;2024000
Pingxiang;27.6333;113.85;2001027
Chongzuo;22.4167;107.3667;1994285
Hezhou;24.4164;111.5478;1954072
Jixi;45.2937;130.965;1950000
Fuxin;42.0127;121.6486;1930000
Zhuhai;22.2769;113.5678;1891100
Wuwei;37.9278;102.6329;1890000
Xiping;40.08;113.3;1873000
Liaoyang;41.2643;123.1772;1800000
Baiyin;36.5448;104.1766;1799000
Shengli;37.45;118.4667;1790000
Haikou;20.02;110.32;1776141
Shuyangzha;34.1299;118.7734;1770000
Heihe;50.2458;127.4886;1750000
Shuozhou;39.3408;112.4292;1714857
Sanzhou;30.82;108.4;1680000
Yushan;31.3867;120.9766;1651200
Yinchuan;38.4795;106.2254;1616000
Chengtangcun;35.0833;117.15;1603659
Jingdezhen;29.2942;117.2036;1587477
Benxi;41.292;123.761;1567000
Zhangjiajie;29.1255;110.4844;1549200
Beihai;21.4667;109.1;1539251
Shuangyashan;46.6388;131.1545;1530000
Yucheng;29.9888;103.0007;1512000
Changshu;31.65;120.7333;1510100
Lianjiang;21.6146;110.2794;1509400
Ximeicun;24.9633;118.3811;1508000
Jianguang;28.1958;115.7833;1507402
Xushan;30.1697;121.2665;1502000
Guiping;23.4;110.0833;1496904
Leizhou;20.9147;110.0806;1494700
Huangshan;29.7132;118.3151;1470000
Huazhou;32.6889;112.0447;1468061
Pizhou;34.3422;118.0097;1458038
Yangshe;31.8775;120.5512;1432044
Chizhou;30.6583;117.4849;1430000
Guyuan;36.008;106.2782;1426000
Rui’an;27.778;120.6526;1424667
Hebi;35.7497;114.2887;1419000
Gaozhou;21.9135;110.8481;1414100
Yueqing;28.1188;120.9621;1389332
Pingdu;36.7833;119.9556;1378900
Yutan;28.3147;112.554;1368117
Wenling;28.3797;121.3718;1366794
Liangshi;27.2578;111.7351;1335900
Fuqing;25.7232;119.3735;1316000
Xintai;35.91;117.78;1315942
Yushu;44.8249;126.5451;1304436
Rongcheng;26.2312;104.0966;1302891
Huazhou;21.654;110.6294;1302100
Yangquan;37.8576;113.5762;1300000
Haicheng;40.8523;122.7474;1293877
Yingtan;28.2333;117;1288615
Wuzhong;37.9874;106.1919;1284000
Zhangye;38.9355;100.4553;1270000
Rucheng;32.3852;120.5634;1267066
Huaiyin;33.58;119.03;1264000
Shaoyang;32.9387;119.8404;1253548
Yichun;47.7235;128.8893;1250000
Laiwu;36.1833;117.6667;1248636
Jingling;30.6667;113.1667;1247400
Dayan;26.8808;100.2208;1244769
Jiangyin;31.9087;120.2653;1241045
Yongcheng;33.9317;116.4459;1240382
Yiwu;29.3081;120.0698;1234015
Beidao;34.6;105.92;1225000
Shuangshui;26.5944;104.8333;1221000
Xinyu;27.795;114.9242;1186700
Guankou;28.1417;113.625;1168056
Dingzhou;38.5158;114.9845;1165182
Lianyuan;27.6961;111.6659;1162928
Rongcheng;29.8239;112.9019;1162770
Kaiyuan;36.0656;113.8153;1160000
Zhuji;29.7169;120.2314;1157938
Leiyang;26.4179;112.8457;1151554
Dadukou;26.5849;101.7149;1144000
Xiantao;30.3833;113.4;1140100
Yingchuan;34.1511;113.4733;1131896
Zhoushan;30.0162;122.0988;1121261
Ankang;32.6877;109.0235;1100000
Hegang;47.3139;130.2775;1100000
Yuyao;30.0372;121.1546;1095000
Hanchuan;30.652;113.8274;1092700
Gongzhuling;43.5036;124.8088;1092692
Yicheng;31.3697;119.8239;1082929
Taixing;32.1724;120.0142;1073921
Mizhou;35.99;119.3801;1060000
Xishan;27.6609;113.4946;1060000
Ezhou;30.3972;114.8842;1059700
Zhongwei;37.5139;105.1884;1046000
Shouguang;36.8833;118.7333;1039205
Linhai;28.8523;121.1409;1028813
Wafangdian;39.6271;121.9972;1024876
Zhongxiang;31.169;112.5853;1022514
Xinyi;22.3559;110.9369;1013900
Zaoyang;32.1287;112.7581;1004741
Shuizhai;33.4433;114.8994;1003698
Xingcheng;24.1681;115.6669;993000
Dongtai;32.8534;120.3037;990306
Yingcheng;24.1878;113.4042;986400
Luocheng;22.7645;111.5745;984100
Danyang;31.9948;119.575;980662
Zhaodong;46.0635;125.9773;980000
Nada;19.5;109.5833;977700
Xibeijie;39.737;98.5049;977600
Huilong;31.8131;121.6574;972525
Wuchuan;21.4283;110.7749;972400
Taishan;22.2486;112.785;953900
Anqiu;36.3619;119.1072;947723
Feicheng;36.186;116.772;946627
Meishan;34.1736;112.839;936000
Taihecun;45.768;131.0063;930000
Taihe;30.8706;105.3784;924531
Xin’an;34.3662;118.3369;920628
Qingzhou;36.6967;118.4797;914047
Lichuan;30.2965;108.9378;913700
Daye;30.1003;114.9699;909724
Hengzhou;22.6896;109.2674;908400
Zhuanghe;39.6896;122.9664;905852
Lhasa;29.65;91.1;902500
Jiaozhou;36.2481;119.9625;900500
Yangchun;22.1717;111.7846;891800
Dengtalu;36.08;114.35;887000
Laiyang;36.9758;120.7136;874127
Kaifeng Chengguanzhen;34.85;114.35;872000
Gaomi;36.3833;119.75;868715
Hai’an;32.532;120.4604;866337
Weichanglu;37.1792;119.9333;859424
Leping;28.9632;117.1203;852800
Hailun;47.4585;126.9632;850000
Macheng;31.1817;115.0189;849090
Yuci;37.6804;112.73;840000
Dehui;44.5323;125.6965;839786
Tongchuan;34.9057;108.9422;835600
Rongjiawan;29.1409;113.1087;826000
Renqiu;38.7094;116.1008;822455
Xindi;29.8182;113.4653;819446
Wu’an;36.6941;114.1847;819000
Wutong;30.6326;120.5474;815848
Gaoyou;32.7847;119.4432;811800
Yiyang;26.4103;112.3913;810447
Hejian;38.4451;116.0897;810306
Puxi;35.2125;114.735;809535
Zijinglu;34.7513;112.9854;807857
Xiashi;30.5333;120.6833;806966
Dongyang;29.2785;120.2282;804398
Qingping;34.538;113.3796;797200
Xiangxiang;27.7389;112.5223;787216
Xingyi;25.091;104.9011;783120
Chaohucun;31.6783;117.7353;782000
Cencheng;22.9297;111.0186;772113
Fuyang;30.0533;119.9519;771000
Songzi;30.1772;111.7732;765911
Laixi;36.8667;120.5333;762900
Zhongba;31.7761;104.7406;762140
Qingnian;36.8494;115.7061;760781
Xinhualu;34.3962;113.7249;758079
Guangshui;31.6189;113.8229;755910
Licheng;31.4174;119.4786;749522
Chengguan;35.4599;113.7975;740435
Nehe;48.48;124.8738;740000
Zunhua;40.1881;117.9593;737011
Wugang;26.7345;110.6293;734870
Shuangqiao;35.0833;112.5833;733000
Sizhan;39.0099;106.3694;730400
Langzhong;31.5833;105.972;728935
Qian’an;40.0059;118.6973;728160
Zouping;36.8625;117.7424;726722
Guli;28.9008;120.0284;723490
Lingbao Chengguanzhen;34.5221;110.8786;721049
Anlu;31.2575;113.6783;720000
Wusong;30.9333;117.7667;720000
Changsha;22.3762;112.6877;717700
Xichang;27.8983;102.2706;712434
Chengxiang;31.4515;121.1043;709500
Dashiqiao;40.6328;122.5021;704891
Qianxi;27.0284;106.0327;695947
Shishi;24.7355;118.6434;693000
Miluo Chengguanzhen;28.8049;113.0745;692080
Gaizhou;40.4019;122.3499;691595
Leling;37.7333;117.2167;689867
Jianshe;34.2189;113.7693;687130
Jingcheng;32.0058;120.2547;684360
Xinmin;41.9952;122.8224;680000
Xigazê;29.2649;88.8799;679771
Shanhu;29.5908;120.8176;679762
Zhongshu;27.8116;106.4133;679624
Pinghu;30.7005;121.0104;671834
Guankou;30.9933;103.624;671200
Yatou;37.1653;122.4867;670251
Songyang;34.4161;113.0424;668592
Qionghu;28.8417;112.3595;667104
Puyang Chengguanzhen;35.7004;114.98;666322
Wenchang;31.054;116.9507;664455
Shulan;44.4167;126.95;663403
Xiping;25.6005;103.8166;652604
Dali;25.7003;100.1564;652045
Sanhe;39.9808;117.0701;652042
Guixi;28.2861;117.2083;647240
Tengyue;25.0208;98.4972;644765
Wuxue;29.8518;115.5539;644247
Ruiming;25.8833;116.0333;640600
Qufu;35.6;116.9833;640498
Gaobeidian;39.3257;115.8678;640280
Xinshi;31.0236;113.1079;636776
Jin’e;29.3395;105.2868;633210
Xinxing;39.8734;124.1453;627475
Suohe;34.7879;113.392;626700
Zhuangyuan;37.3;120.8333;626683
Bazhou;39.1235;116.386;622975
Turpan;42.95;89.1822;622903
Meihekou;42.5279;125.678;618251
Jurong;31.9579;119.1595;617706
Zhugang;28.1277;121.2288;616346
Xinji;37.9423;115.2118;615919
Changping;40.2248;116.1944;614821
Sanya;18.2536;109.5019;614647
Xingtai;37.0659;114.4753;611739
Zhangshu;28.0667;115.5375;610424
Zhuozhou;39.4887;115.9918;603535
Tianchang;32.6853;119.0041;602840
Qamdo;31.1375;97.1777;598862
Sihui;23.3448;112.6956;593400
Luocheng;30.9793;104.28;591115
Chuxiong;25.0461;101.5436;588620
Shangzhi;45.2116;127.962;585386
Botou;38.074;116.57;584308
Kuiju;36.8528;119.3904;581470
Wancheng;18.8;110.4;578600
Xiulin;29.7211;112.4037;577022
Fu’an;27.1;119.6333;577000
Kumul;42.8322;93.5155;572400
Luofeng;37.359;120.396;570898
Lingyuan;41.2407;119.3957;570660
Wencheng;19.6167;110.75;568900
Shenzhou;38.0005;115.5541;566087
Zhenzhou;32.2739;119.1619;564021
Jieshou;33.2605;115.3618;561956
Lanxi;29.2167;119.4722;560514
Dangyang;30.8258;111.791;560000
Luanzhou;39.7396;118.6978;554315
Korla;41.7646;86.1527;549324
Huanghua;38.371;117.3329;548507
Xingcheng;40.6189;120.7205;546176
Kaiyuan;42.538;124.0371;545624
Fengcheng;40.4543;124.0646;543933
Fuding;27.2;120.2;542000
Panshi;42.9392;126.0561;539804
Chang’an;29.4761;113.448;537500
Aksu;41.1664;80.25;535657
Mingguang;32.7816;117.9899;532732
Ailan Mubage;43.9167;81.3167;526745
Yucheng;36.9329;116.6403;522878
Shashi;30.32;112.23;520000
Anda;46.4078;125.3252;520000
Jinghong;22.0057;100.7948;519935
Heshan;22.7697;112.9578;516500
Jiaji;19.2431;110.4642;515700
Beining;41.5933;121.7932;514898
Yanji;42.9044;129.5067;513072
Yicheng;31.7117;112.2551;512530
Encheng;22.1879;112.3131;509700
Linghai;41.1676;121.3558;508079
Kashgar;39.45;75.9833;506640
Liaoyuan;42.8976;125.1381;506548
Meicheng;30.6412;116.5689;500292
Hongjiang;27.1167;109.95;498100
Beipiao;41.802;120.7621;496164
Dengtacun;41.42;123.33;496122
Zhijiang;30.4271;111.7506;495995
Chengjiao;35.4043;114.0593;495744
Duyun;26.2672;107.5143;493574
Yuanping;38.7299;112.7134;491213
Shahe;36.8622;114.502;486329
Gaoping;35.7911;112.9259;484862
Dunhua;43.3667;128.2333;483811
Kaihua;23.3715;104.2437;481505
Jiannan;31.3446;104.1994;477868
Wuhai;39.6708;106.8114;477000
Nangong;37.3606;115.3803;476096
Jiaojiangcun;28.6804;121.45;471500
Laohekou;32.3849;111.6695;471482
Beian;48.2395;126.5037;470000
Fujin;47.2489;132.0341;470000
Xiaoyi;37.1449;111.7718;468770
Qingzhen;26.5555;106.4646;467992
Jiangshan;28.7412;118.6225;467862
Jinchang;38.5168;102.1866;464200
Xicheng;23.3629;103.1545;459781
Jian’ou;27.0387;118.3215;456000
Huadian;42.9688;126.7388;455339
Minzhu;43.7192;127.337;453265
Tanbei;35.0907;112.9317;447701
Baisha;29.4774;119.2853;446000
Yongji;34.867;110.4417;444724
Danjiangkou;32.5408;111.5098;443755
Ning’an;44.3429;129.4621;440000
Guangming;45.3357;122.7765;437559
Yan’an Beilu;44.0222;87.2961;426253
Mishan;45.542;131.8666;420000
Hailin;44.5735;129.3825;420000
Zhengjiatun;43.513;123.5003;419529
Lecheng;25.1307;113.3472;419500
Pencheng;29.6792;115.6611;419047
Dalai;45.505;124.2863;418232
Xingren;25.4352;105.1907;417919
Wenlan;23.3689;103.3881;417156
Fenyang;37.2652;111.7793;416212
Nagqu;31.4766;92.0569;414554
Fangting;31.1282;104.1695;412758
Zhangjiakou Shi Xuanhua Qu;40.5944;115.0243;409745
Taiping;32.0691;108.0351;407594
Jiexiu;37.0282;111.9103;406517
Ghulja;43.9;81.35;403489
Jiangjiafan;31.0304;112.1;400000
Hejin;35.5914;110.706;395527
Hancheng;35.4603;110.4292;391164
Karamay;45.5928;84.8711;391008
Tieli;46.9804;128.045;390000
Baicheng;45.6148;122.832;386861
Lianzhou;24.7868;112.3735;384700
Yidu;30.388;111.4505;384598
Shihezi;44.3;86.0333;380130
Helixi;30.6267;118.9861;376857
Shache;38.4261;77.25;373492
Anguo;38.4177;115.3204;370317
Lengshuijiang;27.6858;111.4279;370300
Huichang;34.9136;112.7852;367113
Zalantun;48.0033;122.7365;366323
Yanjiao;39.9432;116.8036;363809
Shuanghejiedao;30.3866;106.7756;360000
Wudalianchi;48.6433;126.1408;360000
Yong’an;25.9733;117.3593;357000
Fuyu;45.1804;124.82;356905
Hongzhai;35.0476;104.6394;355037
Licheng;24.4935;110.3902;352472
Yakeshi;49.2842;120.7283;352173
Yingmen;39.83;97.73;350000
Lianran;24.9211;102.4778;341341
Tangdong;25.9755;113.2302;337495
Yingzhong;32.2381;119.8133;334977
Hangu;39.232;117.777;332793
Baishan;41.9377;126.4179;330000
Bamiantong;44.9164;130.5212;330000
Ulanhot;46.0726;122.0719;327081
Yunzhong;39.8143;113.0946;326849
Binxian;35.0364;108.0764;323256
Kaiyuan;23.7147;103.2585;322693
Hotan;37.1012;79.9327;322300
Yakou;33.2937;113.5203;313828
Datang;22.9476;113.9326;310889
Qianzhou;28.3185;109.7318;301000
Hong’an;47.21;123.61;289999
Fuquan;26.7039;107.5087;283904
Huozhou;36.5726;111.7176;282905
Tongchuanshi;35.08;109.03;282258
Jining;41.03;113.08;281716
Shaowu;27.3417;117.4869;278000
Linxia Chengguanzhen;35.6;103.2167;274466
Bijiao;22.9311;113.2018;270310
Huayin;34.5664;110.0866;258113
Jinshi;29.6334;111.8746;251064
Manzhouli;49.5881;117.4525;249472
Beichengqu;40.4348;113.1565;245608
Zhangping;25.2938;117.4148;242000
Atushi;39.7114;76.1753;240368
Wuyishan;27.7562;118.0267;238000
Shenmu;38.827;110.499;237846
Chishui;28.5902;105.6946;237052
Bole;44.898;82.0726;235585
Longquan;28.0733;119.1277;234626
Jiayuguan;39.8112;98.2862;231853
Hunchun;42.8679;130.3585;225454
Ji’an Shi;41.1231;126.1815;222938
Longjin;22.8711;113.0684;221881
Gujiao;37.9069;112.17;216723
Golmud;36.4028;94.9042;215214
Dongning;44.0608;131.1187;210000
Taisheng;23.2938;113.353;208589
Jiutai;44.1447;125.8443;205399
Puqi;29.7204;113.88;205164
Huangyan;28.65;121.25;198713
Hedong;42.5404;129.0039;197885
Donghua;35.2175;106.6545;189333
Dunhuang;40.1411;94.6616;186027
Luzhang;25.8519;98.8562;184835
Longjing;42.77;129.4197;180307
Lin’an;23.6236;102.8097;177303
Linjiang;41.8082;126.9137;173903
Fenglu;24.6728;102.9149;169366
Basuo;19.102;108.6391;167636
Tiantoujiao;23.0236;114.0927;166774
Kuytun;44.4196;84.9012;166261
Fukang;44.1523;87.9793;165006
Simao;22.7807;100.9782;162725
Zhanlicun;23.2893;116.2672;161439
Jinggang;23.2723;113.2182;161343
Tacheng;46.7468;82.979;161037
Zhengding;38.1522;114.5771;158599
Chaoshan;23.0701;113.8693;156522
Dahuaishu;36.2601;111.6743;151037
Fengyicun;23.6636;116.6028;150138
Dongsheng;22.8869;113.4563;147228
Yima;34.7473;111.8609;144779
Dongxing;21.5833;108.05;144709
Xintang;22.7837;113.1445;144537
Jinjiang;19.7386;110.0058;142948
Altay;47.8666;88.1166;142000
Nong’an;44.419;125.1702;141482
Shizhaobi;23.921;115.7774;140493
Shizuishan;39.2333;106.769;136570
Yunxian Chengguanzhen;32.8082;110.8136;133558
Zhangmu Touwei;22.9078;114.0603;132816
Shuangcheng;45.3503;126.28;130710
Nanqiaotou;22.7135;113.2803;130370
Lucheng;30.05;101.9667;130142
Fengcheng;37.4313;112.027;128571
Tumen;42.9627;129.8413;128212
Zhaozhou;37.7527;114.7775;127545
Jizhou;37.5455;115.5663;124716
Zhaxi;27.844;105.0451;124458
Baigou;39.1098;116.0139;124274
Fugu;39.0259;111.0683;124002
Longtian;24.3512;114.1293;123469
Gexianzhuang;37.0694;115.6591;122917
Shiyan;23.1399;113.853;122802
Xiangcheng;25.476;100.5505;121959
Lianhe;47.1414;129.2577;121367
Wuling;39.4421;114.23;121110
Shuixi;22.5111;113.3161;119517
Yongqing;39.2958;116.4897;118494
Xuqiaocun;30.4355;120.3645;118263
Dongsheng;22.6225;113.2887;117976
Yulu;23.5193;116.4055;117110
Huanren;41.2671;125.3529;116621
Qiaotou;36.935;101.6736;114712
Shacheng;40.4027;115.5126;114569
Lilan;23.8163;108.8847;114496
Zhijiang;27.4367;109.678;113907
Kuqa;41.7277;82.9364;111499
Pingquan;40.9937;118.6735;110646
Genhe;50.7833;121.5167;110438
Dali;34.7953;109.9378;109696
Taoyang;35.3754;103.8612;109300
Tangjia;22.3606;113.5962;109152
Xishancun;23.6014;116.3257;108592
Mazhang;21.27;110.3193;107819
Chongshan;18.7787;109.5117;107100
Longjiang;47.3404;123.18;106384
Aihua;24.4629;100.135;106054
Jincheng;39.5529;113.1933;105038
Dongguazhen;25.079;101.502;103115
Mengdingjie;23.5517;99.0653;102992
Yilong;23.7081;102.496;102923
Houzhuang;35.62;111.21;102400
Mositai;45.5266;119.6506;102214
Yunfu;28.6331;104.4181;102143
Yishi;35.1379;110.764;102090
Fugangcun;23.5899;116.5924;102012
Hengnan;22.534;113.249;101415
Jingping;39.5189;112.2837;101297
Liancheng;24.0515;105.0573;101221
Weifen;38.4633;111.1203;100615
Xiongzhou;38.9786;116.073;99693
Fengning;41.2013;116.6433;99673
Xiegang;22.961;114.141;99387
Nanxicun;23.4976;116.2435;97747
Wujiaqu;44.2;87.55;96436
Longkeng;24.0376;112.0427;95881
Longquan;40.3703;113.7483;95849
Jinbi;25.7356;101.3239;95639
Xiluodu;28.236;103.6301;95439
Boli;45.7564;130.5759;95260
Jinshan;25.1496;102.0742;95044
Bayan Hot;38.8556;105.7001;94445
Yishui;35.7904;118.62;94115
Yi Xian;39.3444;115.4954;94110
Lingtang;23.6032;113.074;93835
Yunnanyi;25.3916;100.6846;93671
Wangjia;30.6218;120.7212;93291
Fenggang;23.6271;116.5679;93148
Laiyuan;39.3515;114.6853;92691
Linquan;37.9513;110.9877;91670
Weiyuan;23.5025;100.7075;91536
Xiancun;23.2374;116.3152;91109
Hezuo;34.9984;102.91;90290
Wangqing;43.3126;129.7572;88732
Leping;37.613;113.6995;88559
Dongchuan;25.5086;101.2356;88481
Pingyuanjie;23.7472;103.7624;88103
Leshou;38.1902;116.1205;88069
Qiantangcun;23.6742;116.915;88001
Heshangtian;23.3014;115.657;87677
Changting;25.867;116.3167;87458
Nenjiang;49.175;125.219;87236
Wulan;36.5653;104.6839;86990
Heyunkeng;23.9303;112.9189;86951
Menglang;22.5586;99.9337;86877
Tangxing;35.7261;111.7108;86862
Tuncheng;19.3649;110.0962;86474
Yaofeng;35.1395;111.2174;86435
Dingcheng;19.6819;110.3637;86367
Longchuan;25.1945;101.2759;86060
Shaoshanzhan;27.91;112.48;86036
Longhua;41.317;117.7264;85697
Ducheng;23.2445;111.5342;85659
Korgas;44.1256;80.4144;85000
Luancheng;37.8792;114.6517;84068
Xishancun;23.2589;116.2388;83822
Wutiancun;23.1863;116.4728;82986
Mingxing;37.4264;112.5679;82981
Wuyi;37.7965;115.892;82526
Kongjiazhuang;40.7536;114.7237;81909
Xindian;25.3172;101.5446;81667
Shuibian;24.1263;112.7668;81413
Xiedian;35.419;110.8281;81386
Hengkou;32.7378;108.7695;81086
Shiji;23.5607;112.963;80773
Yanggao;21.3298;109.9177;80681
Koktokay;47.0004;89.4666;80000
Jinhe;22.7815;103.228;79658
Mabai;23.0188;104.3929;79534
Jiangna;23.6128;104.3433;79448
Hengbei;23.8787;115.7309;78575
Pingyi;35.5104;117.62;78254
Huolu;38.0874;114.3159;78250
Chengbin;19.9991;110.3332;77904
Linkou;45.2819;130.2519;77754
E’erguna;50.2411;120.172;76667
Daxincun;38.443;106.309;76536
Funing;39.8879;119.2314;76460
Fancheng;39.1891;113.2729;76088
Tailai;46.3909;123.4161;75992
Kargilik;37.8822;77.4162;75730
Zhongcheng;28.591;103.9396;75425
Xinglong;40.4146;117.493;75381
Dongguan;39.014;111.0768;75135
Puqiancun;23.5723;114.6122;75006
Shancheng;34.7904;116.08;74459
Tongye;37.9679;114.3782;73428
Chaigoubu;40.6687;114.4157;73028
Zhuolu;40.3741;115.2087;72538
Lanxi;46.2664;126.276;72528
Longkoucun;23.5792;116.7263;72421
Keshan;48.0263;125.866;72403
Xiangjiaba;28.6282;104.4211;72283
Wenping;27.193;103.5461;71943
Jinsha;23.5329;116.6165;71240
Yinying;37.941;113.5602;70614
Baiquan;47.6018;126.0819;70472
Guzhou;25.9452;108.5238;70098
Pan’an;34.7575;105.1135;70072
Zhanggu;30.9504;101.9167;70000
Qingquan;38.7823;101.0826;69902
Shangchuankou;36.3283;102.8031;69252
Fanzhuang;37.7771;114.962;69155
Rongcheng;39.05;115.8657;69143
Huishi;35.6918;105.0531;68958
Yitiaoshan;37.1889;104.0571;68952
Liuhe;42.2669;125.7404;68938
Xinhua;23.6272;105.62;67976
Yanghe;38.2727;106.2496;67901
Chengjiao Chengguanzhen;34.4362;104.0306;67826
Yuquan;40.4202;114.0865;67449
Wanzhuang;39.5683;116.5941;67158
Lushar;36.4971;101.564;67153
Karakax;37.2714;79.7267;66541
Weiyuan;36.8531;101.9917;66490
Guangping;36.4791;114.941;66384
Huinan;42.6229;126.2614;66315
Huquan;39.7603;114.2834;66271
Zanhuang;37.659;114.3775;66255
Xibang;30.9412;120.8872;65211
Lechang;35.6415;111.4633;64587
Bamei;24.2634;105.0809;64188
Qinggang;46.69;126.1;64182
Kangbao;41.8513;114.6091;63779
Lingshou;38.3063;114.3879;62713
Wenxicun;28.1565;120.3824;62407
Shangtangcun;21.5989;111.5907;62287
Xinzhai;26.88;107.9767;62246
Xinmin;35.0463;108.1568;61441
Meihua;37.8862;114.8204;60791
Shihe;39.2739;113.5516;60724
Yongyang;27.1017;106.7332;60557
Yongbei;26.6897;100.7463;60099
Jinxing;37.9869;106.2027;60086
Suifenhe;44.3998;131.1478;60000
Dongcun;38.28;111.6751;59772
Huajiang;25.6814;105.656;59657
Lianzhuang;37.1146;115.7594;59576
Zhoujiajing;31.1116;121.0518;59300
Gannan;47.9117;123.4978;59239
Xikeng;24.0505;116.8538;58890
Ma’erkang;31.9046;102.2167;58437
Tianningcun;30.8938;120.8009;58430
Zengcun;38.246;114.7394;58339
Jiantang;27.8205;99.7043;58339
Sucun;31.0554;118.1057;58300
Sunshi;38.7631;116.4876;57980
Suileng;47.246;127.106;57789
Xiezhou;34.9124;110.8517;57773
Gengzhuangqiao;37.4453;114.9804;57617
Huaniu;34.5658;105.8215;57360
Qianwu;22.1635;113.2217;57352
Ping’an;36.502;102.1082;57152
Shicun;38.5383;116.1096;56736
Chini;23.3916;113.0755;56609
Bianyang;25.6163;106.6795;56451
Longxing;35.6091;111.2304;56381
Cui’erzhuang;38.2897;116.5472;56096
Longmen;35.6119;110.5746;55847
Changling;44.27;123.99;55841
Yongqing;34.7481;106.1269;55595
Xinqing;48.2363;129.5059;55415
Wangguanzhuang;37.0183;115.5773;55258
Jinchang;38.4858;112.9643;54533
Mali;23.1277;104.7029;54511
Songlindian;39.41;115.9235;54467
Shidong;23.6193;112.0701;54347
Huaishu;38.0828;115.0591;54246
Dayin;38.9358;115.7102;53868
Xielu;37.0359;115.6922;53692
Yangmei;22.8728;112.7802;53224
Qingan;46.8719;127.5118;53206
Xincheng;39.9883;112.4673;52903
Xingcheng;40.1399;118.303;52814
Yaozhuangcun;30.9113;120.9573;52619
Zhangjiazhuang;38.1749;114.737;52604
Qabqa;36.2814;100.6131;52500
Wangjiazhai;26.6895;104.8043;51869
Huazangsi;36.9836;103.1265;51603
Zhexiang;24.2591;98.2826;51477
Shimencun;30.6263;120.4409;51021
Huaiyang;37.7701;114.5312;50859
Qinhe;36.5047;112.3335;50143
Nanjian;25.053;100.5231;50083
Huanghuajie;27.9951;103.5516;50032
Gutao;37.1989;112.1767;50000
Xiazhai;27.6909;107.1837;50000
Lindong;43.9673;119.357;50000
Longwan;38.9564;116.1626;49949
Douyu;37.9007;114.5035;49914
Shankou;24.5032;116.4046;49896
Jiuzhou;39.5054;116.5642;49616
Fangcun;37.9799;114.549;49212
Baicheng;41.7957;81.8715;49207
Yong’an;31.0504;109.5167;49168
Guozhen;34.3686;107.2075;49100
Zongshizhuang;37.8615;115.0575;49014
Wofotang;38.619;116.2681;48986
Donglizhuang;37.9351;115.0838;48686
Liujiaxia;35.9423;103.3146;48505
Jiashizhuang;37.8683;114.9478;48274
Dongshan;22.0628;112.8292;48229
Longtoushan Jiezi;27.1157;103.3817;48150
Zhujiacun;26.3164;104.3893;48124
Yongping;37.0103;109.8243;47990
Mengmeng;23.4718;99.8336;47966
Yecun;33.7663;110.1305;47575
Liuhu;35.5449;106.6801;47442
Pangkou;38.6457;115.9438;47139
Qingyuan;24.5004;108.6667;47062
Liulin;36.557;109.4731;46991
Jitaicun;36.3533;115.3048;46974
Yashan;22.4776;112.7289;46700
Nanzhuangzhen;23.721;102.8231;46696
Daxiang;22.3775;112.8008;46674
Wangtan;39.2836;118.974;46645
Shimenzhai;40.0892;119.6019;46356
Yehe;37.9416;114.5928;46333
Qiutouzhen;37.9841;114.6909;46291
Fangguan;39.3237;115.9856;46090
Anshan;39.7119;118.9845;45804
Dongzhuosu;38.0658;115.1232;45748
Changchong;26.3815;107.1839;45702
Tangdukou;26.9949;111.2708;45617
Caiguantun;26.3363;105.9841;45580
Baijie;26.047;106.7418;45576
Xisa;23.4372;104.6714;45518
Nongzhangjie;24.616;97.8818;45270
Bingmei;25.7408;108.9023;45094
Shangshan;23.4792;115.6918;44871
Shazhou;40.1376;94.6638;44870
Xingji;38.4682;116.8918;44849
Liuquan;39.3658;116.3138;44765
Yaopu;26.1708;105.848;44703
Tangjia;20.8414;109.8489;44684
Yaoquan;34.5851;105.7262;44372
Houbu;36.437;112.9794;44360
Changtoushang;19.3441;110.6096;44326
Tuodian;24.6907;101.6382;44265
Beiwanglizhen;37.7604;114.6373;44112
Daijiazhuang;38.1345;114.3906;44111
Yuchengcun;23.5613;116.2715;43983
Menghan;21.8526;100.9265;43965
Xin’ansuo;23.3228;103.4354;43808
Xinjun;28.7232;120.019;43793
Hanerik;37.2241;79.7964;43751
Qingfengdian;38.6084;115.0568;43703
Jinku;23.0505;112.515;43623
Jiaohe;38.0228;116.2845;43547
Xihuachi;35.8092;108.0121;43338
Zhangliangcun;37.1256;112.0664;43151
Khutubi;44.1874;86.8946;43127
Nansan;23.7784;98.8253;43097
Nandazhang;38.1024;114.7658;42934
Zhangcun;38.1329;114.9421;42911
Shuilou;22.3352;112.8018;42578
Hulin;45.7686;132.9746;42559
Loufan;38.0694;111.7911;42520
Shenjiatun;40.7695;114.8549;42338
Cuihua;27.7527;103.8906;42262
Machang;26.5477;106.0375;42185
Liantang;22.9307;111.7237;42141
Wangyuanqiao;38.3849;106.2664;42022
Lingquan;36.9985;110.8417;41996
Yangcunzai;23.4338;114.4664;41958
Yinggen;19.0372;109.8283;41835
Dusheng;38.3804;116.55;41774
Dacun;34.7201;109.0549;41763
Litian Gezhuang;39.8151;119.0219;41676
Tanxia;23.9475;115.5361;41181
Nanbaishezhen;37.7526;114.8524;41138
Wancheng;37.6273;114.5324;41080
Nanmeng;39.1773;116.3751;41019
Yingzhou Linchang;18.4199;109.8553;40925
Anyuan;34.8839;105.2758;40828
Xinleitou;37.9752;115.2106;40761
Baichigan;39.5275;115.8564;40748
Gaolincun;39.0887;115.6617;40729
Tiegan;38.1536;115.3248;40683
Zhujiezhen;23.746;104.899;40623
Yangtangxu;21.6172;110.0319;40616
Taicheng;38.7206;113.2437;40145
Oroqen Zizhiqi;50.5667;123.7167;40128
Longtang;26.1984;107.7946;40094
Matoupu;38.3198;114.7207;40010
Alashankou;45.1714;82.5731;40000
Yian;47.8804;125.3;39924
Zhongbai;26.7723;107.8883;39893
Jiaozishan;26.3342;105.9324;39551
Xinlizhuang;39.2832;116.1727;39474
Sanjiang;24.7265;112.2884;39398
Niutuo;39.2618;116.3421;38947
Yangfang;40.5723;115.0301;38922
Changchunpu;27.2388;105.185;38896
Xiwanzi;40.9717;115.2737;38879
Weibo;38.029;115.2174;38748
Tianchang;37.9987;114.0183;38656
Sungandiancun;36.2221;115.3246;38542
Lanyi;38.7048;111.5601;38431
Shijiazhuangnan;37.9383;114.4453;38403
Xiaguanying;35.9427;104.1717;38342
Bayan;36.1148;102.2476;38315
Siyang;27.2116;108.7463;38261
Monan;38.2621;115.9504;38158
Dengtangcun;23.6861;116.5284;37983
Yamen;22.3017;113.051;37963
Sanchahe;36.378;106.0869;37675
Yanqi;42.0608;86.5686;37649
Xinqiao;39.2694;116.0797;37583
Shiji;22.2198;112.8531;37402
Fengguangcun;23.9062;116.6984;37337
Dajiecun;36.2965;115.2071;37290
Jelilyüzi;43.9749;81.5328;37238
Tunzi;35.5782;107.3699;37179
Baishi Airikecun;40.8035;80.37;36982
Shaxi;22.3067;113.1469;36957
Shengli;37.9803;106.1949;36937
Zuojiawu;39.9514;118.1511;36843
Elixku;38.6803;77.3106;36793
Wangtuan;36.8624;105.9915;36729
Xinpo;21.6645;110.8911;36699
Daying;39.0786;116.1076;36660
Anzhou;38.8663;115.8124;36619
Dabutou;36.0708;112.8744;36556
Bulicun;24.367;116.274;36526
Haomen;37.3757;101.622;36515
Danihe;39.8489;119.421;36313
Akto;39.1468;75.9411;36270
Beiya;36.464;104.4513;36241
Yejituo;39.8634;118.6645;36218
Xindian;37.1341;114.8833;36195
Pingshang;23.3974;115.8842;36140
Zhaoqiao;37.9398;115.9499;36123
Daiyue;39.5204;112.8168;35894
Mengdong;23.1499;99.2462;35741
Zhentang;21.8662;110.6996;35616
Rongwo;35.5077;102.0121;35612
Shangzhuangcun;23.5226;116.7134;35570
Dama;30.5009;120.3413;35357
Nanzhiqiu;37.7492;115.2357;35165
Shenjiabang;30.5783;120.8193;34963
Douzhuang;39.4323;116.0583;34960
Yangquan;37.0749;111.5541;34570
Shangzhen;33.7116;110.2575;34481
Yihezhuang;39.1373;116.0744;34359
Diaowo;39.4812;116.0761;34304
Matou;39.5503;116.1063;34281
Zhangzhengqiao;38.4042;106.3567;34256
Lixingcun;23.0825;116.3698;34254
Datang;26.3909;108.0764;34169
Youwangjie;24.8695;99.1067;33978
Peyziwat;39.4905;76.7389;33971
Guying;38.0887;114.556;33884
Zhaitangcun;24.5218;112.3486;33876
Tekes;43.2181;81.8372;33740
Lianmuqin Kancun;42.8781;89.9814;33635
Songcaozhen;37.7562;114.5834;33601
Cishan;36.578;114.102;33474
Shangcaiyuan;24.6817;102.6918;33287
Xincheng;38.2639;114.6789;33248
Jishi;35.8511;102.4788;33022
Laojiezi;26.86;103.1306;32998
Shaliuhe;39.8728;117.939;32778
Huangzhuang;39.9905;117.1037;32752
Xiadian;39.9435;116.912;32686
Pomian;25.2499;105.6589;32604
Qarqan;38.1338;85.5333;32494
Baiyan;26.3584;106.2347;32473
Yinchengpu;39.8189;118.188;32471
Fucheng;35.3678;103.7074;32463
Yankou;27.595;105.4174;32351
Menglie;22.5833;101.866;32306
Zaojiao;34.4727;105.7062;32260
Xangda;32.2056;96.4751;32175
Nilka;43.7826;82.5089;31907
Beixinzhuang;38.7914;116.0917;31876
Donggou;35.5621;112.7046;31732
Zhaoyu;37.3512;112.3193;31685
Zangang;39.0524;116.2017;31671
Jiming;40.1884;118.1392;31658
Tongkou;38.7952;115.8646;31576
Shentang;22.2915;113.3695;31559
Dongxianpo;39.561;115.9865;31410
Shahedian;37.6546;114.7392;31370
Wenxian Chengguanzhen;32.9421;104.687;31339
Tanmen;19.2429;110.612;31322
Duanshan;25.8308;106.5785;31203
Beidaying;39.9686;119.5515;31139
Yingyangcun;22.0974;106.7567;31109
Huangxicun;24.4702;115.7723;31087
Wanghong Yidui;38.1993;106.2284;30943
Dongmaying;39.1221;115.9814;30841
Taozhuangcun;30.9694;120.8095;30595
Nanwucun;37.3885;115.5529;30427
Fengrenxu;24.1736;115.3268;30324
Xinpo;19.7738;110.3658;30318
Xunjiansi;23.962;103.1925;30159
Shangpa;26.9052;98.8679;30129
Wuyuan;41.0896;108.2722;30057
Xinzhaidian;37.8136;114.7144;30025
Shibancun;22.1539;110.7082;29812
Shetang;34.5568;105.9722;29811
Yingshouyingzi;40.5515;117.6616;29664
Toksun;42.7918;88.6536;29657
Xinmin;25.4831;104.8416;29614
Mangdongshan;24.1169;98.3085;29587
Mashan;37.0017;111.8933;29578
Nan’ao;38.5162;114.5648;29508
Duanzhuang;36.5796;111.7577;29498
Yangshuling;40.9942;118.8791;29463
Guotang;23.8334;115.9286;29315
Benhao;18.6151;109.9308;29295
Shuangtian;22.864;114.5443;29276
Xiaobazi;27.3401;105.502;29108
Zhangguzhuang;38.0584;115.2891;29079
Ciying;25.3595;103.9143;29060
Shiqiao;34.1418;105.1214;29050
Matouying;39.2922;118.8143;29021
Gonglang;24.8391;100.3122;29004
Duzhuang;40.0121;119.5262;28831
Zhonghechang;27.8886;107.2531;28745
Toli;45.9313;83.6039;28378
Guma;37.6063;78.2799;28163
Uchturpan;41.2136;79.2319;27836
Tongyangdao;41.7676;109.9711;27476
Toqsu;41.5417;82.604;27454
Kuaidamao;41.68;125.75;27227
Zuitou;34.0622;107.3127;26948
Chuimatan;35.7166;102.8771;26044
Ziketan;35.5885;99.9866;24758
Shangtianba;28.039;103.8584;24606
Xinxing;47.1601;123.8;24317
Hoh Ereg;41.0955;111.4408;23776
Suonan;35.6634;103.3923;23499
Gyêgu;33.0166;96.7333;23000
Yuli;41.3351;86.2614;22474
Zhedao;24.8098;98.2961;22290
Huangzhai;38.0605;112.6701;22233
Qapqal;43.834;81.1581;22111
Dongta;38.0824;106.339;22040
Youganning;34.7356;101.5978;21323
Sanhe;36.5643;105.6401;20844
Qagan Us;36.2979;98.0937;20570
Xiaqiaotou;27.1892;100.0488;19922
Hongshui;38.5077;100.8814;19718
Hoxut;42.2552;86.8607;19520
Magitang;35.9484;102.0273;19226
Jiaoxiyakou;26.1274;102.4502;18894
Qitai;41.5494;113.5339;18831
Yuanquan;40.5004;95.8;17886
Kaiwen;27.1548;99.8371;16738
Zequ;35.0376;101.4606;16666
Xinyuan;37.2953;99.0341;16585
Chinggil;46.666;90.3794;16098
Dianga;34.0587;103.2074;15993
Mangqu;35.5707;100.7798;15609
Xincun;27.6739;103.8739;14614
Xireg;36.9257;98.4837;13723
Kaji;26.0249;102.7873;13005
Shengping;28.4865;98.913;11595
Sanjiaocheng;36.8993;100.9872;11196
Chuqung;33.3743;97.0637;10659
Hongliuwan;39.6348;94.3386;10079
Gar;32.2004;79.9833;10000
Ruoqiang;39.0181;88.1681;9872
Pagqên;33.9739;99.9083;9530
Hongwansi;38.8384;99.6159;8125
Heyin;36.0451;101.4242;7642
Sêraitang;32.9352;100.7376;6907
Chugqênsumdo;33.4352;101.4866;6834
Gyangzê;28.9203;89.5996;6000
Dabancheng;43.3552;88.306;5540
Jinzhong;26.3504;103.4167;5170
Machali;34.7985;98.1327;4316
Kailu;43.5837;121.2;2809
Linxi;43.5171;118.0333;679
Lianhu;34.2585;108.9242;
Binhu;32.0301;118.7577;
Wulaocun;32.0344;118.7958;
Changning;31.2174;121.4211;
Yanping;26.6381;118.1682;
Dayingmen;39.1073;117.2096;
Wuma;28.0173;120.6659;
Liuxiang;37.8714;112.5605;
Chaowai;39.9181;116.4324;
Hongkou;31.25;121.4892;
Changhongjie;39.1373;117.1475;
Huancuilou;37.5004;122.114;
Zhangyelu;36.0575;103.8227;
Weiyang;34.2906;108.9355;
Yangpu;31.2619;121.519;
Dongtundu;28.1837;113.0321;
Xinluoqu;25.1022;117.0303;
Sanjiang;31.3481;118.3613;
Meiyuan Xincun;32.0542;118.7928;
Jinrongjie;39.9122;116.3562;
Dongjie;26.0882;119.2945;
Gulou;26.0865;119.298;
Nanchansi;31.5624;120.3002;
Xihu;36.0673;103.7765;
Haidian;39.9906;116.2887;
Gulou;40.37;116.8335;
Xiaobailou;39.1177;117.2056;
Xuhui;31.1959;121.4471;
Pingjianglu;31.3147;120.6298;
Xincheng;34.2632;108.9495;
Chong’ansi;31.5799;120.2952;
Chikan;21.2712;110.3591;
Luwan;31.2091;121.4634;
Rongjiang;25.6625;114.7503;
Beidajie;31.5853;120.29;
Fengxian;30.9187;121.4566;
Wanghailou;39.1595;117.2034;
Gongchen;39.728;116.1376;
Beijie;39.2226;106.7658;
Xingguo;26.3261;115.3472;
Acheng;45.5455;126.977;
Tiexi;47.3119;130.2803;
Xingfulu;43.7825;87.6368;
Beijinglu;31.3227;118.3851;
Dawangzhuang;39.127;117.2162;
Shuangta;31.3041;120.6297;
Tianjiao;39.8255;109.9995;
Nanjin;29.985;106.2653;
Jianshelu;34.7534;113.606;
Dayu;39.9375;116.0967;
Xiling;30.7161;111.2839;
Qianfeng;37.8494;112.5208;
Nanjie;35.7356;107.6353;
Louqiao;28.0106;120.6322;
Shilu;31.3117;120.5941;
Shuangling;28.0248;120.6021;
Sanyuan Chengguanzhen;34.6147;108.9283;
Jinling;34.3693;107.15;
Chenghua;23.4613;116.7701;
Shiqiao;22.9464;113.3577;
Chengbei;40.223;116.2458;
Jianchang;27.5583;116.6398;
Jingshan;39.9253;116.4041;
Zhanqian;46.8001;130.3755;
Julun;37.9074;112.5577;
Qingyang;37.4958;121.2581;
Zhifang;30.35;114.3167;
Leicheng;20.9156;110.0837;
Zhongyuanlu;35.7685;115.0613;
Longzhouwan;29.3786;106.54;
Hongqi;47.318;130.2679;
Bukui;47.355;123.9517;
Xin’an;44.5803;129.6257;
Yangjiaping;29.5051;106.5013;
Dingping;30.3386;106.927;
Suishan;29.6069;103.483;
Xinshancun;29.486;106.4786;
Liucheng;30.7;103.8377;
Shuimogou;43.8286;87.6382;
Nanhang;47.3147;123.948;
Xingfeng;39.7297;116.3366;
Shouxihu;32.4209;119.4044;
Dongcheng;28.6473;121.2711;
Hunjiang;41.9346;126.4143;
Xiaoshan;30.1675;120.2588;
Enjiang;27.3218;115.4292;
Shuangzhong;29.743;116.2243;
Longhua;47.3385;123.9792;
Wujiashan;30.617;114.1317;
Wenhe;32.3952;119.4269;
Hehai;31.8292;119.9778;
Damatou;28.6175;112.3369;
Chengnan;23.2722;116.605;
Binhe;40.1335;117.1085;
Hanjiang;25.4705;119.1035;
Heping;46.0863;122.0771;
Shaping;22.7702;112.9578;
Qinhong;32.0113;118.7966;
Xuri;28.4351;117.9198;
Gulou;36.4441;115.9642;
Shanhaiguan;40.0025;119.7489;
Liminlu;31.3188;118.3629;
Lugu;39.8967;116.2204;
Xindu;33.3399;120.1459;
Ganhechen;33.5582;114.02;
Mingren;45.5932;122.8188;
Hutang;31.729;119.9431;
Fengtai;39.8476;116.2723;
Xinchenglu;31.3886;121.2631;
Helie;31.5214;120.2896;
Lubei;28.5863;121.37;
Wenxing;28.6667;112.8833;
Yuanzhou;27.7985;114.3761;
Anning Xilu;36.1035;103.7193;
Heshan;28.5825;112.3503;
Yanta;34.2064;108.9524;
Xiangyang;37.5316;121.3939;
Nankang;29.4465;116.0407;
Xianshuigu;38.9785;117.3887;
Beilun;29.9192;121.8378;
Qindu;34.3419;108.7082;
Decheng;37.4581;116.3042;
Fangsong;31.0329;121.1894;
Dongsheng;30.5738;103.9213;
Fulilu;36.1017;103.6157;
Dongcheng;29.152;107.1034;
Huayang;31.9516;119.1628;
Qujiang;30.8421;106.9678;
Huaihelu;34.7164;113.6414;
Beijinglu;43.8344;87.5765;
Qiaonan;46.8036;130.358;
Chengzhong;29.1064;119.6486;
Longshan;40.3202;116.6291;
Fengshan;26.4888;119.5576;
Chengzhen;40.4797;115.2678;
Nanlong;31.3533;106.0631;
Jianguo;46.8177;130.3961;
Lanjiang;29.2151;119.4612;
Dingcheng;29.0194;111.6798;
Chang’an;34.1511;108.945;
Zhaobaoshan;29.9695;121.6875;
Beilin;34.2285;108.9157;
Youyi;46.8048;130.3192;
Jinjiazhuang;31.7201;118.4895;
Changning;24.9557;115.6424;
Pingluo Chengguanzhen;38.9038;106.5413;
Mudan;35.2462;115.4334;
Jiekou;23.5499;113.581;
Xiangyang;44.5492;129.6203;
Xiyuzhuang;39.1663;117.1568;
Jinghai;38.9295;116.9168;
Nanzheng Chengguanzhen;33.0045;106.9347;
Yili;43.9;81.35;
Min’an;29.4595;109.437;
Zhongshanlu;29.3569;105.9043;
Xucheng;20.3292;110.1671;
Ningnan;31.985;118.7815;
Longquan;30.5613;104.2689;
Jijiang;29.2899;106.25;
Zhongzhan;35.2414;113.1603;
Jiancheng;30.391;104.5491;
Weixian;36.3565;114.9337;
Shima;24.4465;117.8122;
Duji;33.9977;116.8284;
Xiayang;31.1497;121.1159;
Baiguan;30.0325;120.86;
Haicheng;22.9753;115.3318;
Xindu;30.8224;104.1574;
Suixi;33.8907;116.7747;
Fengfengkuang;36.4194;114.2134;
Ning’an;37.4975;105.6765;
Yanliang;34.6592;109.2292;
Gucheng;28.8486;121.1161;
Baicheng;33.3864;114.0158;
Nanwai;31.2047;107.5036;
Taiping;28.3688;121.3617;
Weitang;30.8502;120.9114;
Shunde;22.7958;113.285;
Aoyang;28.239;114.9208;
Zhuyang;30.7367;107.2012;
Qingyuan;28.1172;112.9985;
Guitang;28.14;113.0425;
Huohua;30.759;106.0594;
Zhongshan Donglu;34.3796;107.1464;
Liyang;29.6184;111.7489;
Furong Beilu;28.2371;112.9808;
Yulong;33.3832;120.1306;
Nu’erbage;37.1134;79.9103;
Daishan;30.2459;122.199;
Wenlin;29.9981;104.1399;
Luyang;33.7356;112.9051;
Decheng;23.1426;111.7774;
Zhengdonglu;32.1928;119.4705;
Suizhong;40.3292;120.3365;
Jiangyan;32.5061;120.1428;
Langchi;31.0795;106.5651;
Jia Xian Chengguanzhen;33.9683;113.2081;
Songling;31.1933;120.7176;
Fendou;45.2123;130.9025;
Ganting;34.1024;108.6141;
Fenghua;29.6563;121.4064;
Yujin;29.2091;103.9456;
Wuyuan;30.5154;120.9486;
Yuecheng;28.1229;120.9607;
Xiaodian;37.7364;112.5564;
Liulin;37.4533;110.9019;
Shuidong;21.5134;111.0018;
Jingning Chengguanzhen;35.5204;105.723;
Jibenggang;29.6583;91.1276;
Longcheng;24.8983;102.7997;
Fendou;46.6414;124.8628;
Jiulong;30.5362;106.4371;
Wenhua;37.3911;121.5896;
Dongcheng;28.8938;120.0402;
Xianfeng;44.575;129.6026;
Yichuan Chengguanzhen;34.4197;112.4192;
Wujin;30.4113;103.813;
Xincheng;33.5419;114.5983;
Yangming;44.5963;129.6208;
Cuntan;29.6025;106.5705;
Chongyang;33.2592;114.242;
Labu;24.2599;109.3341;
Yunmeng Chengguanzhen;31.0625;113.7654;
Xiwai;31.2168;107.4752;
Luoning Chengguanzhen;34.3878;111.6558;
Suicheng;33.8963;117.9331;
Caidian;30.5833;114.0333;
Chaoge;35.605;114.1886;
Wuquan;33.4441;113.5709;
Fengtai Chengguanzhen;32.7082;116.7296;
Hongjunlu;45.3035;130.976;
Tianpeng;30.9866;103.9393;
Xinan;23.1545;112.8934;
Lishu;45.0898;130.6914;
Liangshan;30.6741;107.7938;
Guoyang Chengguanzhen;33.5055;116.2308;
Yutian;39.8786;117.7392;
Pucheng Chengguanzhen;34.9561;109.5841;
Taihe;23.7354;112.9778;
Ningyang;35.7649;116.7923;
Kaiping;39.678;118.2522;
Yueyang;30.1023;105.3334;
Guanshan;37.8081;113.597;
Longquan;36.1174;113.1857;
Zhenping Chengguanzhen;33.0331;112.2332;
Dingcheng;32.1272;115.0394;
Jiaxiang;35.3961;116.348;
Niushan;34.5235;118.765;
Yanta;36.2411;115.6672;
Baixi;28.6997;104.5492;
Hanfeng;31.1695;108.4031;
Guangming;47.3397;130.2868;
Yanjin Chengguanzhen;35.1408;114.1878;
Yanshi Chengguanzhen;34.716;112.7957;
Zhaoxian;28.7062;115.7362;
Jiangkou;31.5619;107.1086;
Huarong Chengguanzhen;29.5189;112.5484;
Yaozhou;34.9053;108.97;
Dongdajie;37.9269;102.6343;
Pingnan;23.5422;110.3895;
Gaoyao;23.0243;112.4455;
Nan’an;23.0314;112.4511;
Yancheng;29.7436;103.5668;
Longnan;24.9138;114.7853;
Longcheng;34.1845;116.9508;
Song Xian Chengguanzhen;34.1347;112.0825;
Taohuajiang;28.5239;112.1342;
Tubu;29.0453;115.8127;
Daokou;35.5639;114.5058;
Haimen;31.8962;121.1727;
Yuecheng;28.6414;102.509;
Linquan Chengguanzhen;33.0851;115.2902;
Tongchuan;31.0941;105.0873;
Rizhao;35.3958;119.5322;
Daming;36.2861;115.1436;
Zhongzhou;30.294;108.033;
Lin’an;30.2358;119.7181;
Guixi;30.3336;107.3454;
Yancheng Chengguanzhen;33.5847;113.9867;
Chicheng;30.7794;105.7121;
Xiushan;24.11;102.7615;
Lihou;36.5029;113.3695;
Ninghai;29.2892;121.4247;
Hanshang;32.3774;119.393;
Xinmian;29.2399;102.3721;
Duohu;29.0937;119.6851;
Lucheng;31.2336;117.2806;
Danzhu;36.1245;112.861;
Hecheng;28.1394;120.288;
Huaiyang Chengguanzhen;33.7333;114.8833;
Poyang;28.9924;116.6675;
Bishui;32.7179;113.3117;
Erqu;34.1528;108.2064;
Yankou;30.3512;106.2867;
Pitong;30.8099;103.8825;
Lanshan;35.0979;119.344;
Zhangguizhuang;39.0902;117.3072;
Shengli;40.1182;116.6429;
Huojia Chengguanzhen;35.2656;113.6506;
Wangyue;28.2359;112.917;
Wangkui;46.8328;126.4777;
Fengcheng;26.1968;119.5299;
Jiyuanlu;34.8225;113.2672;
Xingsha;28.2573;113.1234;
Liquan Chengguanzhen;34.4811;108.4236;
Jinsha;32.0898;121.0735;
Linping;30.4225;120.2972;
Yanling;29.5306;104.6611;
Huazhou;34.5152;109.7576;
Chonglong;29.7806;104.8522;
Runing;33.0011;114.3542;
Binhe;37.5108;105.1844;
Yishan;34.2994;119.2542;
Xiangdong;27.6521;113.7241;
Puyang;29.4568;119.8887;
Anxi;25.0571;118.182;
Gongjiang;25.9642;115.4128;
Bencheng;39.5;118.7;
Yongchun;25.3249;118.2898;
Lianjiang;22.5902;113.0764;
Changtu;42.7847;124.1116;
Jizhou;27.1147;114.9795;
Tiantai Chengguanzhen;29.1363;121.0296;
Dongzhen;22.3797;110.9389;
Chenyang;28.0065;110.184;
Gaotangling;28.3667;112.8167;
Chunxi;31.3277;118.8749;
Guantao;36.541;115.2829;
Nuojiang;31.9156;107.2427;
Guoyuan Xincun;39.2301;117.1189;
Xin’an Chengguanzhen;34.7175;112.1356;
Danxi;29.4747;121.8656;
Anren Chengguanzhen;26.7141;113.2673;
Nanxi;28.8421;104.9796;
Songlong;31.1624;120.6384;
Yongfeng;27.4283;112.1834;
Yanji;33.9653;116.451;
Xincheng;22.7016;112.2246;
Xigang;38.5526;106.348;
Tiancheng;29.5402;114.0415;
Yunyang;31.9956;119.5646;
Hejiang;28.8116;105.8336;
Licheng;23.2955;113.8246;
Wuhe Chengguanzhen;33.1386;117.8658;
Kaijiang;31.0396;104.6745;
Wansheng;28.9629;106.9284;
Fengqiu Chengguanzhen;35.0292;114.4131;
Chengjiang;26.8347;114.9404;
Fuying;28.8626;120.7193;
Nanjie;38.9546;100.4724;
Dengzhou;37.8082;120.7591;
Dizhuang;33.5645;114.0697;
Yongtai;25.8729;118.9263;
Yunling;23.9632;117.3384;
Yuanyang Chengguanzhen;35.0522;113.9639;
Guhan;36.5355;113.0253;
Gaotang;36.8597;116.2221;
Chengwu;34.9541;115.8842;
Gunan;29.0231;106.648;
Luozhou;21.6059;110.277;
Qingyuan;37.6175;112.3258;
Deqing;30.5449;119.9599;
Luhua;36.3314;113.2244;
Gushi Chengguanzhen;32.1621;115.6699;
Xiayi Chengguanzhen;34.2368;116.1161;
Emin;46.5257;83.6332;
Haimen;28.6807;121.4241;
Lufeng;27.9094;110.5858;
Daying;34.7218;111.1029;
Jinniu;25.8006;100.5743;
Fengcheng;35.4922;112.4043;
Yong’an;39.6957;113.6871;
Fufeng;34.3605;107.8735;
Weicheng;34.3314;108.7169;
Wenshang;35.7284;116.4912;
Jing’an;22.2107;113.2922;
Loushanguan;28.1368;106.822;
Peicheng;34.7361;116.9247;
Tiantang;30.8483;116.3548;
Renminlu;36.5512;104.1695;
Hongqiao;26.7684;112.1081;
Taikang Chengguanzhen;34.0667;114.8667;
Weishi Chengguanzhen;34.4136;114.1872;
Yelin;18.521;110.0397;
Baiyashi;26.4019;111.2864;
Ningling Chengguanzhen;34.45;115.3167;
Fangcheng Chengguanzhen;33.2532;113.0012;
Nanchangshan;37.9152;120.7325;
Jincheng;30.9971;105.8819;
Nanzhou;29.3714;112.3845;
Taiqian Chengguanzhen;35.991;115.8532;
Jiyang;36.9751;117.169;
Yunxi;31.2264;105.3861;
Fengxian;34.7039;116.5872;
Huili Chengguanzhen;26.6626;102.2439;
Dazhong;33.1997;120.4578;
Yingshang Chengguanzhen;32.6295;116.2701;
Funan Chengguanzhen;32.6368;115.6149;
Mianchi Chengguanzhen;34.7542;111.7594;
Tongxu Chengguanzhen;34.4772;114.4583;
Nanhai;21.4725;111.0268;
Shedian;33.0578;112.9391;
Xuyang;29.4594;104.4195;
Dong’an;46.594;125.0788;
Yanqing;40.46;115.98;
Baofeng Chengguanzhen;33.8703;113.0653;
Anxiang;29.4;112.15;
Xiongzhou;32.3436;118.8499;
Yisuhe;27.7761;112.9502;
Quanjiang;26.3215;114.516;
Shishan;31.2988;120.5652;
Cuifeng;36.8452;111.7817;
Yancheng;29.6507;104.0672;
Yushan;31.6775;120.8013;
Hexi;21.6865;110.6342;
Baoyou;18.7493;109.1717;
Fengxiang Chengguanzhen;34.523;107.3913;
Gulü;32.7439;114.9761;
Xin’anjiang;29.4748;119.2715;
Xun Xian Chengguanzhen;35.6647;114.5346;
Zitong;30.1782;105.8299;
Sangyuan;37.6256;116.3826;
Gangu Chengguanzhen;34.7356;105.3263;
Xingpinglu;36.7275;104.8138;
Penglai;30.5836;105.2528;
Lingcheng;37.335;116.5704;
Ninghua;26.2609;116.6565;
Wuchang;44.9143;127.15;
Doucun;34.7481;109.1797;
Dianbu;31.8884;117.4609;
Anling;34.1089;114.1698;
Shoushan;34.2777;107.7462;
Liancheng;25.7183;116.7489;
Quyang;33.1447;113.9903;
Wuyun;28.6539;120.0669;
Fuyu;30.15;116.1167;
Jinxiang;35.0704;116.3239;
She Xian;36.5566;113.6687;
Hede;33.7722;120.2618;
Dongshan;47.3428;130.3122;
Zhangjiang;28.911;111.4799;
Tangxiang;29.7023;105.7236;
Jiaocheng;24.6573;116.1671;
Guhuai;32.9586;114.6255;
Tangyang Chengguanzhen;35.9145;114.3551;
Qincheng;27.2075;116.5319;
Qishan;29.8508;117.7206;
Jingchuan Chengguanzhen;35.3319;107.3611;
Fugou Chengguanzhen;34.0667;114.3833;
Fangzheng;45.8388;128.8276;
Gaocun;27.8612;109.8008;
Rushan;36.8701;121.5049;
Renhe;26.4993;101.7386;
Tianchi;30.2811;105.0235;
Qihe;36.8024;116.7576;
Daqinglu;34.8993;112.5831;
Xing’an;47.2463;130.2204;
Xiguan;33.8667;115.4667;
Zherong;27.24;119.8944;
Sanhe;29.8686;107.7303;
Luyuan;34.536;109.0851;
Bayinsai;39.5002;106.7202;
Binhe;32.6883;112.8275;
Handian;36.0458;113.0442;
Zhenyang;32.6036;114.3831;
Sui’an;24.087;117.6091;
Jiuquan;39.7432;98.5174;
Taohong;27.1011;110.9949;
Xipu;23.6991;117.4251;
Mengjin Chengguanzhen;34.8269;112.4313;
Dawu Chengguanzhen;31.6096;114.1181;
Luoshan Chengguanzhen;32.2032;114.5094;
Lucheng;22.3149;110.2563;
Jinggan;34.53;108.8342;
Qianquan;30.8713;114.3726;
Huangpi;30.8845;114.3779;
Longquan;25.9071;112.2167;
Xiaoxi;24.3525;117.2907;
Hanshou;28.9058;111.9561;
Gongjing;29.3475;104.7116;
Tianning;37.5472;112.1605;
Liyang;31.7177;118.3573;
Shiqiao;27.9819;120.5592;
Qi Xian Chengguanzhen;34.55;114.7833;
Gucheng Chengguanzhen;32.266;111.6348;
Dongkou;27.0527;110.5361;
Zhecheng Chengguanzhen;34.1046;115.3176;
Nanle Chengguanzhen;36.0762;115.1991;
Chaling Chengguanzhen;26.791;113.5398;
Youxian Chengguanzhen;26.9917;113.3606;
Xuyong;28.1707;105.4441;
Shangpai;31.7456;117.1611;
Zhoukou;31.0347;106.4011;
Juye;35.3947;116.0883;
Rongcheng;30.6428;117.8352;
Shangli;27.8771;113.792;
Xi Xian Chengguanzhen;32.3436;114.7294;
Kunyang;33.62;113.345;
Xiajin;36.9592;116.0001;
Pumiao;22.7587;108.4811;
Shangguan;39.069;112.9291;
Bobai;22.2717;109.9847;
Chaicun;37.9328;112.4764;
Douhudi;30.0606;112.2242;
Zhushan Chengguanzhen;32.2218;110.2361;
Wuping;25.098;116.0954;
Qingfu;28.44;104.5225;
Jianjun;34.6914;108.1397;
Hanyuan;34.0108;105.2919;
Lukou;27.7029;113.152;
Hancheng;32.5186;112.3522;
Jiang’an;28.7334;105.0683;
Minjian;28.8398;103.5467;
Wenbi;39.3874;111.1912;
Donghegumiao;36.9786;115.109;
Shunling;25.5917;111.9303;
Lankao Chengguanzhen;34.8329;114.8072;
Juancheng;35.5616;115.5013;
Shucheng Chengguanzhen;31.4745;116.9521;
Wufeng;27.45;104.8333;
Dezhou;27.4081;102.18;
Fengcheng;24.7236;116.7243;
Xidu;26.9563;112.3683;
Gaohe;30.7258;116.825;
Dingtao;35.0744;115.5658;
Meijiang;26.4758;116.015;
Xinzhai;23.7203;117.1493;
Junyang;28.4167;115.3667;
Chujiang;29.5771;111.363;
Languan;34.1575;109.3142;
Xinjia;37.6574;120.485;
Yangying;35.818;115.9481;
Zhijin;26.6668;105.768;
Xinning;31.0843;107.8687;
Beiyuan;39.9036;116.6467;
Jinxi;30.4323;116.2922;
Sicheng;33.4894;117.8568;
Niangxi;27.3225;111.4551;
Guiyang Chengguanzhen;25.7333;112.7459;
Mingzhou;36.9761;115.2566;
Luoyang;27.5614;119.7114;
Lingchuan;25.398;110.3145;
Pingdu;27.3757;114.6048;
Tongcheng;35.3547;111.2161;
Xincheng;33.6333;115.1833;
Zhangwan;32.0833;112.1667;
Dehua;25.4996;118.2324;
Chengzhong;22.1355;107.0647;
Yuncheng;35.5983;115.9347;
Zhonghe;28.4505;108.989;
Shinan;22.7449;109.8715;
Changning;28.5807;104.9094;
Xunchang;28.4623;104.7077;
Yongxing Chengguanzhen;26.1241;113.1285;
Zishui;32.0077;114.9011;
Liulinzhou;29.4463;112.9992;
Heping;28.5579;108.49;
Qingfeng Chengguanzhen;35.9036;115.1053;
Taihe Chengguanzhen;33.1655;115.6489;
Huarong;30.5333;114.7333;
Neihuang Chengguanzhen;35.9508;114.9022;
Shaxian;26.4064;117.7773;
Fuji;29.1524;105.3746;
Dongcheng;33.4123;115.0809;
Rongcheng;22.7967;110.4453;
Tancheng;34.6152;118.338;
Poskam;38.1887;77.2707;
Longcheng;29.8991;116.5511;
Lingjiang;31.7346;105.9316;
Longde Chengguanzhen;35.6125;106.1167;
Shanghe;37.3061;117.1535;
Qinting;27.1241;113.949;
Lingcheng;22.4232;109.293;
Linjiang;36.3275;112.8819;
Huicheng;29.869;118.432;
Puji;27.3802;102.5413;
Salaqi;40.5465;110.4995;
Guancheng;36.4803;115.4351;
Yunxixian Chengguanzhen;32.9828;110.4231;
Pingpo;25.4284;103.7545;
Xing’an;25.6196;110.6425;
Nanjiang;32.3539;106.8324;
Xiangcheng Chengguanzhen;33.847;113.4778;
Dunhou;27.0289;114.9197;
Shengrenjian;34.8442;111.1913;
Luogang;23.1779;113.501;
Minhou;26.1527;119.1264;
Shouchun;32.5785;116.778;
Qingquan;30.4413;115.2613;
Linli;29.45;111.65;
Dongguang;37.8851;116.5328;
Lingcheng;35.534;116.918;
Sui Xian Chengguanzhen;34.448;115.0444;
Nanma;36.1848;118.1549;
Jinchuan;31.4827;102.0638;
Yuzhong Chengguanzhen;35.8428;104.1125;
Leiyang;30.1204;116.6829;
Zhongmu Chengguanzhen;34.7115;113.9656;
Dingchang;36.7631;112.6872;
Wacheng;33.7833;114.5167;
Quanzhou;25.9259;111.0637;
Jifeng;35.6135;110.9585;
Guangrao;37.0529;118.3991;
Xixiang;32.987;107.764;
Qianling;28.7114;109.6432;
Sunjia Buzi;42.0171;126.5851;
Dongshan;25.7939;114.5426;
Huaicheng;23.9195;112.1763;
Naxi;28.7742;105.3649;
Tonghe;45.9761;128.7429;
Xiangfeng;29.5087;109.4049;
Xincheng;28.0151;102.8423;
Huayuan;28.5826;109.4689;
Echeng;38.3744;111.9717;
Huaibin Chengguanzhen;32.464;115.4081;
Jinyuan;37.7269;112.4708;
Dazhe;24.5756;115.8918;
Xujiang;26.8439;116.3139;
Gounan;47.3594;130.2975;
Tuojiang;25.1867;111.5717;
Lintong;34.378;109.2089;
Xicheng;40.1106;114.1589;
Baoshan;31.4084;121.4896;
Hanyin Chengguanzhen;32.8914;108.5047;
Fengming;34.4414;107.6178;
Luocheng;25.0397;118.8006;
Yunji;26.6932;112.6675;
Lüeyang Chengguanzhen;33.332;106.155;
Hengdong Chengguanzhen;27.0833;112.95;
Ruyang Chengguanzhen;34.1503;112.4583;
Chenying;28.6915;117.0676;
Zhaozhen;30.8563;104.4361;
Tafeng;25.3799;112.1977;
Pan’an;29.0537;120.4376;
Meilu;21.4341;110.7755;
Kuangyuan;24.9138;103.1479;
Zhongshu;25.0273;103.663;
Xinmatou;36.818;115.1705;
Jianghai;22.5752;113.119;
Tianyi;41.5667;119.3333;
Mengshan;24.2011;110.5204;
Suicheng;21.3795;110.2505;
Donghe;32.2334;106.3013;
Hekou;28.3161;117.7095;
Panlong;32.8022;114.0192;
Jinchuan;27.7471;115.3903;
Xingguo;34.8586;105.6686;
Yongchang;31.6657;104.4373;
Jingzhou;37.6887;116.2596;
Dawa;40.9937;122.068;
Chengxi;29.5329;108.7651;
Wenchang;31.6363;105.155;
Youxi;26.1736;118.1789;
Guzhen Chengguanzhen;33.3106;117.3106;
Xincheng;35.875;111.4353;
Shangcheng Chengguanzhen;31.7953;115.4011;
Huagai;31.5484;104.5558;
Huoqiu Chengguanzhen;32.3339;116.268;
Dingcheng;32.5161;117.6595;
Qiaoxu;22.9562;109.7607;
Ningxiang;37.34;111.2052;
Chengxiang;31.3986;109.6228;
Xiushui;38.1038;113.3886;
Nan’an;25.3998;114.3622;
Liyuan;29.3954;110.1559;
Dajie;24.2962;102.7506;
Guangzhoulu;38.4991;102.1681;
Nanjie;23.6341;112.4348;
Songyuan;27.6217;119.0592;
Jingchuan;30.692;118.4121;
Xinzheng;31.2749;106.2871;
Taozhou;30.8998;119.4097;
Songyuan;27.5273;118.7766;
Yangxin;37.6447;117.5767;
Xinguan;39.4553;111.53;
Huanfeng;31.7167;118.1;
Yong’an;36.6576;111.5664;
Minqing;26.222;118.8573;
Yongle;33.2626;104.2338;
Dongcheng;21.882;112.0102;
Fengyang Fuchengzhen;32.8797;117.5447;
Guidong Chengguanzhen;26.079;113.9406;
Chunhua;34.7989;108.575;
Guyang;32.1053;119.4391;
Bashan;27.7667;116.0514;
Jicheng;37.0636;112.9577;
Linxi;36.8627;115.4925;
Shuangfengqiao;29.7186;106.6271;
Rucheng Chengguanzhen;25.5364;113.7155;
Beidaihe;39.8614;119.4177;
Huidong;26.6374;102.5757;
Shancheng;24.4916;117.3457;
Jishan;30.9161;118.3233;
Neixiang Chengguanzhen;33.0467;111.8436;
Longxian Chengguanzhen;34.9073;106.8497;
Wenfeng;27.199;115.1196;
Dangchang Chengguanzhen;34.0446;104.3946;
Lincheng;19.9078;109.6858;
Lishu;43.3047;124.3278;
Yangshuo;24.7801;110.4882;
Mugala;36.8576;81.6684;
Cili;29.4226;111.122;
Fengyi;28.5537;107.439;
Dongluqiao;36.6815;115.3409;
Zhangbei;41.1525;114.7078;
Chaoyang;37.908;113.1504;
Beijie;36.7162;115.1595;
Junlian;28.1592;104.5022;
Xinshiba;28.9709;102.7713;
Liaogao;28.17;109.195;
Hanji;35.4954;102.9926;
Longxu;23.4167;111.2333;
Hezheng Chengguanzhen;35.43;103.3573;
Awat;40.6384;80.3797;
Nanzhao;23.7199;117.171;
Shule;39.4023;76.0508;
Kuancheng;40.6056;118.4825;
Shahejie;29.6079;115.8872;
Chengxiang;23.1577;108.2706;
Jiangkou;23.4392;111.4974;
Maoping;30.8297;110.9778;
Yunxing;39.9991;112.6979;
Yuhai;36.9813;105.9061;
Lingxi;29.005;109.8447;
Wucheng;37.2109;116.0875;
Maytagh;44.3333;84.85;
Hong’an Chengguanzhen;31.2751;114.598;
Shayang;30.7178;112.6058;
Aral;40.5418;81.2657;
Tantang;23.1368;109.4131;
Hezhang;27.1222;104.7239;
Matou;23.319;107.5774;
Jincheng;28.2681;103.5684;
Lop;37.074;80.1823;
Fucheng;37.8691;116.1506;
Datong;46.0338;124.8106;
Nanzhao Chengguanzhen;33.4966;112.4299;
Hanchang;28.7;113.5833;
Lufu;24.7602;103.2665;
Hongmiao;32.2248;118.9197;
Fan Xian Chengguanzhen;35.8581;115.5006;
Kaihua Chengguanzhen;29.1459;118.409;
Haoxue;30.0476;112.4676;
Zhaoren;35.2067;107.7914;
Yuanling;28.4571;110.3927;
Mianyang;33.157;106.6945;
Fengzhou;36.8428;112.8542;
Zhangjiapan;37.6016;108.797;
Nancun;35.4635;112.796;
Shaping;29.23;103.2576;
Dianjun;30.7015;111.2599;
Kaiyun;27.2402;112.8636;
Gujiang;35.494;111.5533;
Gulaobei;30.5194;111.4266;
Mingshui;47.1815;125.9003;
Aoyang;27.4554;119.4991;
Huanan;46.2207;130.525;
Fuyang;24.8243;111.2707;
Fenyi;27.8112;114.668;
Changbai;41.417;128.1899;
Zhouning;27.1041;119.3315;
Wulingyuan;29.3494;110.5441;
Langao Chengguanzhen;32.3003;108.8931;
Guanghe Chengguanzhen;35.4815;103.576;
Pingyuan;37.1746;116.4383;
Dingbian;37.5927;107.5943;
Yuelai;47.0232;130.713;
Jingpeng;43.2426;117.5318;
Yuxi;28.889;107.594;
Xinhua;26.8884;102.9332;
Zijin;33.2892;111.4744;
Muxi;28.9695;103.9018;
Tiantan;35.9661;111.8417;
Gushu;31.5605;118.4815;
Xunyi Chengguanzhen;35.1173;108.3128;
Nanpi;38.0333;116.7;
Datian;25.7013;117.8363;
Huliao;24.3576;116.6866;
Mulan;45.9471;128.0371;
Songyang;25.3251;103.0298;
Mingyue;43.117;128.8946;
Anju;30.3496;105.4559;
Tuojiang;27.9547;109.568;
Pingma;23.6374;107.1014;
Aoxi;27.4259;115.8364;
Gutian;26.587;118.7358;
Yizhang Chengguanzhen;25.3832;112.979;
Yantan;29.274;104.8738;
Jiangle;26.7347;117.4718;
Yuanba;32.3256;105.9618;
Fushi;29.1838;105.0011;
Zhangjiachuan;34.9876;106.209;
Guangming;28.3102;102.4119;
Chengxiang;28.5526;102.1682;
Pucheng;27.9233;118.5333;
Lintan Chengguanzhen;34.6889;103.3524;
Chengxian Chengguanzhen;33.7411;105.7206;
Xinji;31.6232;114.874;
Lushi Chengguanzhen;34.0486;111.0328;
Kangping;42.7392;123.3494;
Sanchahe;44.9631;126.0153;
Dianyang;24.7026;99.1592;
Haiyang;29.7743;118.1822;
Jiahe Chengguanzhen;25.5885;112.3679;
Huayuan;33.4688;114.8731;
Zhangfeng;24.2209;97.7868;
Luzhai;24.4975;109.7331;
Pisha;27.0625;102.7461;
Gulin;28.0422;105.8104;
Qiangezhai;36.9637;115.3782;
Fusui;22.6361;107.9014;
Lincheng;26.8693;109.6634;
Gantang;30.3282;118.0059;
Longgang;40.7215;120.9256;
Zhongshan;24.5349;111.3085;
Ningjin;37.6268;116.7966;
Haishiwan;36.3463;102.858;
Luanchuan Chengguanzhen;33.7808;111.613;
Xin’an;32.438;118.4089;
Yuanshan;24.3696;114.4896;
Zhongba;27.9543;105.0404;
Yiyang Chengguanzhen;34.5108;112.1622;
Biyang;29.9289;117.9464;
Meixi;47.6317;129.1306;
Huixian Chengguanzhen;33.7683;106.0808;
Wuxue Shi;29.9153;115.4143;
Nanzhang Chengguanzhen;31.7839;111.8275;
Zhongshu;24.5167;103.7667;
Kunyang;24.6675;102.5919;
Shilu;19.2598;109.0488;
Quyang;26.5751;109.6964;
Longzhou;22.3355;106.8566;
Xiangkou;29.3305;107.737;
Wanzhi;31.1464;118.5648;
Micheng;25.3204;100.4993;
Mucheng;35.0956;113.39;
Dahua;23.7519;107.9715;
Xiaoduchuan;30.2911;109.4762;
Huayuan;31.3142;114.0178;
Zhongcheng;28.3095;105.2308;
Chongwen;35.7749;113.2508;
Pucheng;36.4136;111.095;
Lianzhou;21.6662;109.2012;
Shijiao;23.8695;113.5284;
Rongshui;25.0664;109.2505;
Jingyang;32.5167;107.8833;
Aksu;41.27;80.2382;
Guyi;25.784;109.5974;
Changshun;41.8967;113.9825;
Chang’an;25.2333;109.3833;
Zhushan;29.9945;109.4791;
Ziyang Chengguanzhen;32.5192;108.5323;
Weichang;41.9476;117.7578;
Juanshui;29.3031;113.8868;
Fusong;42.325;127.2726;
Anyang;23.9318;108.1004;
Shanhe;35.4844;108.364;
Tengzhou;23.3726;110.9147;
Mingfeng;31.0617;111.6428;
Jingyang;30.2919;118.5425;
Jichang;36.1011;110.6733;
Luxi;27.6362;114.0353;
Gaotai Chengguanzhen;39.3446;99.8002;
Wuxuan;23.6247;109.652;
Xiaojiang;22.273;109.5518;
Sanjiang;26.6749;109.196;
Yitong;43.3263;125.2973;
Dayou;46.6362;126.9875;
Siyang;22.1684;107.9431;
Huangyuan Chengguanzhen;36.6875;101.2708;
Dafeng;23.4342;108.5983;
Qinglong;40.4056;118.9439;
Fengshan;24.5833;99.9;
Donghuang;28.333;106.2156;
Xinshui;36.4784;110.7552;
Qianyang Chengguanzhen;34.6421;107.1302;
Lindian;47.1826;124.8677;
Yuanma;25.682;101.872;
Jingyu;42.3727;126.8011;
Donglan;24.5502;107.3829;
Tiandiba;27.7018;103.2481;
Yixing;37.3376;113.5393;
Gulang;37.4666;102.8943;
Longquan;24.6719;102.1613;
Temuli;27.7079;102.8077;
Xilin;47.4761;129.3037;
Rifeng;27.2973;116.9111;
Huangshan;26.8263;100.2191;
Bayan;46.0756;127.3984;
Gongcheng;24.8333;110.8167;
Aletengxire;39.5799;109.7582;
Huangmei;30.1923;116.025;
Qinjiang;26.3299;116.3347;
Fenggang;27.5457;116.2146;
Miyang;24.4042;103.4428;
Kangle;28.0956;114.4501;
Dongping;28.3817;111.2196;
Yongdeng Chengguanzhen;36.7336;103.2593;
Qingfenglin;27.7878;105.1457;
Chaotian;32.6446;105.885;
Shunchang;26.7965;117.8053;
Weizhou;31.4802;103.5836;
Lishan;31.8576;113.2951;
Xinhuang;27.3736;109.1338;
Xiugu;27.9113;116.7764;
Zhenyuan Chengguanzhen;35.6775;107.1964;
Luoxiong;24.8856;104.2923;
Hechuan;26.9673;114.2376;
Zhouqu Chengguanzhen;33.7842;104.3628;
Pinggui;24.3178;111.4422;
Tianzhou;23.7786;106.8972;
Tianfu;37.2637;122.0523;
Longquan;39.0845;112.1912;
Gaoleshan;29.6783;109.1445;
Jiading;25.3732;114.9289;
Zhonghualu;35.6052;104.5967;
Wumahe;47.7235;128.7928;
Dabu;24.6619;109.2518;
Miaodong;41.2807;119.4355;
Dongliang’erzhuang;36.7271;115.2557;
Lishi;24.7721;115.0255;
Guangze;27.5483;117.336;
Zhong’an;25.6667;104.2333;
Pingle;24.6452;110.6431;
Jiaokui;27.5941;104.0048;
Longquan;36.6952;110.9556;
Huafeng;25.0017;117.5275;
Yongning;28.5245;114.3658;
Luqiao;29.9149;102.2339;
Babu;24.3347;111.6554;
Shanghang;25.0564;116.4115;
Zoumachang;27.8713;105.201;
Pingshan;25.5198;102.4758;
Xiaopingba;25.4949;102.5123;
Fenghuang;38.9978;112.2978;
Bama;24.1442;107.2488;
Sankoutang;27.9127;104.9505;
Chicheng;40.8667;115.8333;
Baiquan;42.8854;124.9583;
Duru;28.5255;107.887;
Shuangjiang;24.1726;102.4005;
Qasq;40.7122;111.1289;
Taining;26.9041;117.1753;
Dangcheng;34.4279;116.3766;
Yezhou;30.603;109.7133;
Zhuozishan;40.9025;112.5694;
Machang;26.1079;104.268;
Fengyi;31.6812;103.8486;
Hengshui;25.7;114.3167;
Fangxian Chengguanzhen;32.055;110.7342;
Dailing;47.0239;129.019;
Yining;29.0361;114.5636;
Liaoyang;37.0798;113.3399;
Yuelejie;27.8269;103.7831;
Jinping;24.0305;104.227;
Xinning;35.4951;107.9204;
Tongquan;25.4;103.5667;
Yisa;23.3323;102.4471;
Luntai;41.778;84.2465;
Renhua;25.0913;113.7445;
Changning;35.9798;110.8221;
Gangou;26.515;103.1477;
Gufeng;26.9132;118.984;
Mingxi;26.3588;117.1969;
Baokang Chengguanzhen;31.8781;111.2564;
Yanjing;28.0823;104.195;
Ziyang;29.2497;117.8547;
Ningzhou;24.1877;102.917;
Lingyun;24.3466;106.5677;
Shuiying;27.8101;104.7984;
Yujiazhai;27.8415;104.8249;
Guji;27.1696;103.2843;
Xinglongchang;28.2663;104.389;
Niupizhai;28.1115;104.3814;
Bagrax;41.9843;86.622;
Yuyue;29.9833;113.903;
Xiuwu Chengguanzhen;35.2311;113.4381;
Gedong;37.8931;111.2554;
Xinjie;27.7043;103.3804;
Bao’an;36.829;108.7581;
Qingyuan;35.1367;104.2221;
Rende;25.5582;103.276;
Tiandeng;23.1266;107.0937;
Xincheng;35.3;111.6642;
Qingyang;36.2071;113.4172;
Pingxiang;35.2079;105.2506;
Guwei;34.7103;110.6571;
Xiangzhou;23.9728;109.6668;
Fengchuan;28.7;115.3833;
Guyang;28.6165;109.9436;
Long’an;32.4093;104.5287;
Dongmen;24.7815;108.8981;
Meixian;24.2838;116.0695;
Jincheng;25.5015;102.4006;
Youdian;24.8289;99.5923;
Shawan;29.4112;103.5433;
Guanyang;25.4952;111.1349;
Wanshan;27.5232;109.206;
Xincheng Chengguanzhen;24.0861;108.6526;
Tuanfeng;30.7136;114.9161;
Ning’er;23.0405;101.0368;
Bujie;28.1482;104.964;
Danfeng;24.8305;104.0082;
Tantou;28.2833;104.2667;
Longsheng;25.7936;110.0092;
Aba;32.9059;101.7063;
Debao Chengguanzhen;23.3847;106.5735;
Sunwu;49.4175;127.3155;
Huaiyuan Chengguanzhen;32.9589;117.1657;
Bianjiang;49.5578;128.4731;
Daliyuan;27.1837;103.4864;
Jinshan;41.9167;118.6667;
Dongping;36.499;117.996;
Tongbai Chengguanzhen;32.3642;113.3964;
Shuigou’ao;27.1191;103.3534;
Xiqu;26.6057;101.5983;
Yingjiang;24.7102;97.9367;
Baocheng;18.6403;109.6994;
Qingliu;26.1839;116.8062;
Yaodu;30.1;117.0167;
Lijiang;23.5711;102.0042;
Huanggexi;27.8541;103.8611;
Jinshi;26.418;110.8002;
Menghai;21.9532;100.3841;
Guangrao;37.2597;118.4634;
Yanjing;27.427;101.5097;
Yongding;25.1986;102.4619;
Gaojiacun;25.2586;104.0634;
Guishan;24.0503;102.0002;
Baiyang;35.8511;106.639;
Jimsar;43.9833;89.0667;
Wuqi;36.9263;108.1717;
Huanjiang;24.8397;108.2502;
Zhaoping;24.1736;110.8023;
Daojiang;25.496;111.5515;
Jiecun;27.2244;102.9228;
Linwu Chengguanzhen;25.2325;112.5398;
Nandan;24.9818;107.5421;
Tianxingchang;27.8423;103.9824;
Shuitianzhai;27.7643;105.2516;
Changpu;26.5919;110.1474;
Mengcheng Chengguanzhen;33.2661;116.5661;
Gengma;23.5233;99.3786;
Hobor;41.27;112.6169;
Zuitai;33.3308;105.6047;
Tiexianxi;27.9119;103.8894;
Nêdong;29.243;91.7724;
Sanguanzhai;27.1077;103.2566;
Lianzhu;23.4084;101.7103;
Yuhu;26.1068;99.9829;
Chuansiba;28.3196;104.1296;
Xinjing;23.1382;106.4114;
Laojie;26.577;103.047;
Wenquan;30.8493;115.6991;
Luojiang;31.305;104.5048;
Xiaopu;25.2651;111.3505;
Xiaping;26.7314;114.2703;
Fengcheng;24.5712;107.0424;
Yilan;46.3162;129.5545;
Taocheng;22.8794;107.1565;
Jiecun;27.3557;102.9827;
Nansha;23.1804;102.8333;
Jinping;24.4337;100.8199;
Xuri;47.7268;128.8999;
Togrog Ul;40.7838;113.2143;
Yancheng;38.9154;111.8693;
Qinghua;35.165;113.0617;
Honggang;46.4012;124.8832;
Daxing;22.9692;102.4061;
Daihai;40.5211;112.4931;
Liulin;34.5897;103.5042;
Xuejiawan;39.8668;111.2208;
Shuangshipu;33.9171;106.5247;
Nanzhao;25.2222;100.3034;
Inder;46.7;122.9333;
Yongfu;24.994;109.9847;
Shuimo;27.3019;103.4143;
Xinghe Chengguanzhen;40.8756;113.8839;
Tokkuztara;43.4667;82.1489;
Daxing;27.2637;100.8639;
Taikang;46.8644;124.4398;
Shangjie;25.6711;99.9802;
Qiaowa;27.9346;101.2775;
Jinhua;26.538;99.9172;
Shanjiao;27.3223;103.0684;
Xinjie;28.1485;103.9666;
Longshan;24.6009;98.7042;
Liangdang Chengguanzhen;33.9097;106.3022;
Jiezishang;26.9894;103.3447;
Laodianzi;26.9308;103.2922;
Jinping;35.3144;107.0292;
Qili;30.1991;117.478;
Yacha;19.2306;109.4475;
Longbo;25.9652;111.6585;
Ulan Hua;41.519;111.6917;
Jianning;26.8345;116.8385;
Goujie;25.7424;102.8008;
Hekou;22.5385;104.0111;
Qiancheng;27.194;109.8141;
Leidaba;27.9572;104.3387;
Longgang;35.6894;112.158;
Shangba;27.6296;103.3045;
Lingcheng;33.5377;117.5336;
Maoshanjie;25.6678;102.4991;
Baokang;44.1269;123.3129;
Laojie;25.4483;99.5561;
Guye;39.7305;118.4408;
Gonghe;25.2558;101.5186;
Doushaguan;28.048;104.1272;
Xingguo;29.9225;115.3021;
Chengfangqiao;25.7573;103.831;
Dedang;24.0118;99.2396;
Yueyang;36.2896;111.9145;
Fucheng;36.1468;112.2335;
Shirong;29.3509;102.6525;
Chensan;36.7367;115.1343;
Beishan;45.8162;130.9283;
Shanzidi;26.5538;103.2604;
Gecheng;31.9486;108.6607;
Xiangshui;35.4769;106.3311;
Qiaoshang;27.9427;105.1648;
Yongding;26.0412;101.6864;
Qianyou;33.6775;109.1233;
Dasongshu;26.1368;103.5734;
Lizhi;29.7032;107.3952;
Shuitou;36.9731;111.2091;
Zhongxin;26.6167;101.2715;
Xinfa;28.8307;104.3208;
Xishaqiao;28.3025;103.9848;
Tian’e;24.9976;107.1681;
Nayun;22.332;99.5613;
Yunhe;26.525;100.1978;
Shuangxi;28.863;115.3519;
Meilin;25.8731;115.0108;
Jinding;26.439;99.4406;
Jianxincun;25.8389;104.1195;
Dongxing;45.3609;130.7868;
Shiziba;27.9796;104.1806;
Zhihe;36.78;110.6396;
Gaolan Chengguanzhen;36.3347;103.9456;
Zhonghechang;28.1538;104.0984;
Aitianba;28.1667;104.1667;
Zhongcun;26.1346;102.6811;
Xiangyang;26.7599;103.2539;
Hepingyizu;29.2469;103.0825;
Xilin;24.4988;105.0938;
Baiyin Chagan;41.4533;113.1833;
Leye;24.8007;106.558;
Tongyang;29.6075;114.4912;
Moshiyi;27.8277;103.7283;
Nahaping;28.4318;103.8578;
Sujiaying;25.6316;102.5847;
Yongchang Chengguanzhen;38.2705;102.0202;
Tianshan;43.8874;120.0934;
Beiyingzi;40.7607;119.1179;
Tieyingzi;41.7786;119.8798;
Zhenlai;45.843;123.186;
Ziyuan;26.0346;110.6377;
Zagunao;31.4437;103.1722;
Dongfeng;42.6403;125.5118;
Tuquan;45.403;121.6046;
Ganzi;31.6274;99.9941;
Jin’an;32.6394;103.5968;
Wanhechang;27.7759;103.5095;
Taipingdian;28.5593;104.222;
Hanyuan;32.834;106.2504;
Lubei;44.6087;120.9556;
Gufu;31.3621;110.7292;
Jiuchenggong;34.6787;107.7876;
Zongyang;30.6989;117.2042;
Yuping;22.9769;103.7108;
Fuyu;47.7976;124.4573;
Yuanjiazhuang;33.5232;107.983;
Dianweijie;25.9075;102.8544;
Laojiezi;26.1487;102.5592;
Laofangzi;26.6716;103.1883;
Muzeng;26.0524;102.4793;
Yopurga;39.2394;76.7643;
Furong;26.4683;114.7761;
Huamachi;37.7852;107.4032;
Hanbin;32.8897;108.9044;
Jiezi;26.7893;102.9919;
Baohe;27.1958;99.3248;
Songbai;31.7568;110.6725;
Muping;30.3725;102.8125;
Changping;28.2078;103.855;
Sanlei;38.6264;103.0883;
Yinla;29.5773;94.483;
Haliut;41.5561;108.5197;
Mengsuo;22.602;99.5514;
Panlian;26.8921;102.1082;
Namka;29.65;90.9833;
Xindou;31.3937;100.6803;
Huangjingba;28.0136;103.9985;
Xiaotiechang;26.2838;103.6386;
Enle;23.9605;101.0826;
Xinling;31.0253;110.3182;
Fengshan;30.8871;115.4209;
Wuxi;26.5844;111.859;
Shuigou;26.9381;103.0396;
Labuleng;35.2012;102.5212;
Xianghu;25.8722;116.0318;
Xinyuan;43.4511;83.1478;
Dongqu;37.9202;112.2002;
Wufeng;30.2;110.6908;
Pengjia Zhaizi;27.6083;103.5271;
Sangpi;28.9339;99.7999;
Gaocheng;29.9949;100.2739;
Kouqian;43.6391;126.4578;
Daqin Tal;42.8872;120.6747;
Shimen;25.8948;99.4294;
Long’an Chengxiangzhen;23.2071;107.6509;
Jinta;39.9833;98.8667;
Napo Chengxiangzhen;23.4794;105.7916;
Nanpiao;41.0982;120.7479;
Rulin;26.347;110.2663;
Tangyuan;46.7264;129.8997;
Pujiawan;26.1855;102.2915;
Leli;24.2962;106.2254;
Jinshan;41.0335;110.052;
Mengla;21.4686;101.5507;
Xianshui;30.9777;101.1254;
Chengguan;39.9072;111.6733;
Jinxiu;24.1372;110.1801;
Wuqia;39.7098;75.197;
Quxar;29.1;87.65;
Liuba;33.6186;106.9189;
Wudan;42.9344;119.0239;
Shuangjiang;26.1547;109.7138;
Qiongxi;32.7927;102.5429;
Chatang;29.2422;91.3322;
Minquan Chengguanzhen;34.6645;115.133;
Rulong;30.9333;100.3167;
Kulun;42.7306;121.7756;
Nagqu;31.403;92.003;
Daban;43.5239;118.6719;
Qingkou;34.8358;119.1264;
Saziba;25.8673;102.6185;
Tarrong;29.4347;90.1622;
Qiaozhuang;32.5903;105.2334;
Hexi;37.3672;97.3633;
Songmai;28.7121;99.2844;
Tongzilin;26.6869;101.8555;
Babao;38.1806;100.2403;
Tongyu;44.8205;123.0726;
Meilisi;47.315;123.7544;
Luanping;40.9167;117.2833;
Jinzhu;29.0411;100.3051;
Shangtang;28.1554;120.6882;
Gabasumdo;35.2589;100.5499;
Meixing;30.9991;102.3602;
Norbukyungzê;29.1667;89.25;
Bainang;29.109;89.2589;
Duchang;29.2677;116.2022;
Pagnag;32.2626;91.6784;
Namling;29.6877;89.0987;
Hejing;42.3164;86.3828;
Xing’an;50.2477;127.4932;
Luhua;32.0654;102.9889;
Batang;30.0057;99.1119;
Fuliang;29.3527;117.2143;
Uliastai;45.4517;116.9621;
Chenggan;26.1454;102.803;
Caohe;30.2297;115.4335;
Luxu;23.2212;108.803;
Niya;37.0655;82.6893;
Duolun;42.1983;116.4821;
Maizhokunggar;29.8364;91.7268;
Zaindainxoi;31.85;93.6667;
Qira;37.0285;80.8029;
Jianshe;31.2161;98.8254;
Xiasi;32.2879;105.5097;
Gengqing;31.8165;98.5958;
Jimai;33.7515;99.6482;
Mashan;45.2051;130.5261;
Cikai;27.7634;98.711;
Konggar;29.2939;90.9871;
Ramai;29.2744;90.789;
Hekou;37.8846;118.5266;
Yumen;40.2833;97.2;
Hekou;30.0323;101.0054;
Geluwan;27.3737;99.6561;
Jiangzhou;22.4116;107.3421;
Puting;29.3313;115.7575;
Yêndum;30.6573;97.565;
Qüxü;29.3583;90.7306;
Xia’er;29.0027;101.5095;
Rangke;32.2678;100.986;
Gyitang;28.4333;92.45;
Lhünzê;28.4102;92.462;
Shuibian;27.6074;115.3251;
Xiayang;26.4906;113.7707;
Biru;31.4832;93.6774;
Samdo;31.2147;96.6005;
Ming’antu;42.3062;114.9911;
Dangquka;30.4843;91.0994;
Damxung;30.5333;91.1;
Biancheng;40.6866;122.3797;
Qamqênxoi;29.2667;89.9;
Dêqên;29.6724;91.3528;
Ningshan Chengguanzhen;33.3315;108.3069;
Nyinma;34.0007;102.0713;
Qianguo;45.1171;124.8568;
Xêgar;28.6333;87.0833;
Zito;30.7445;95.8258;
Bayan Huxu;45.053;121.462;
Baima;30.0604;96.9259;
Bailingmiao;41.6919;110.4356;
Seke;32.2704;100.3317;
Chumba;29.1394;92.6715;
Moluo;30.8039;98.1004;
Molo;30.86;98.273;
Khuma;51.7167;126.6333;
Meishan;31.7291;115.9124;
Fengxiang;47.5741;130.826;
Gartog;29.6845;98.5947;
Wangda;29.6744;97.8374;
Xinli;39.8442;108.7347;
Racaka;31.4;96.5167;
Dazhasi;33.5761;102.9536;
Qonggyaixoi;29.0277;91.6827;
Kalpin;40.5275;79.0658;
Fendou;47.4095;129.4282;
Domartang;30.939;94.6891;
Coka;30.9054;94.6695;
Qusum;29.0657;92.193;
Nongchangbalian;36.3656;109.6224;
Zhaosu;43.1228;81.0758;
Zhuxi Chengguanzhen;32.3257;109.7234;
Sahuteng;32.8942;95.2809;
Gyaijêpozhanggê;33.8548;95.6154;
Aheqi;40.9391;78.4477;
Xin Bulag;42.2375;113.8364;
Burqin;47.7059;86.8613;
Zhamog;29.8559;95.7578;
Saihan Tal;42.7461;112.6495;
Dêngqên;31.4176;95.593;
Nangxian;29.047;93.0879;
Kangmar;28.558;89.6793;
Urho;46.1165;85.6777;
Bengshutang;28.0366;99.5084;
Gêding;29.2125;88.3576;
Yuegai;34.1291;95.8001;
Jomda;31.4962;98.2117;
Nixia;32.98;98.1008;
Bieligutai;44.0134;114.9414;
Tungdor;29.2;94.0833;
Nanggarzê;28.9742;90.3983;
Juegang;32.3174;121.1855;
Xiasima;27.4856;88.9053;
Rongmei;29.8933;110.0261;
Chaoyang;48.8864;130.4032;
Shiquanhe;32.5012;80.0976;
Dartang;31.9333;94;
Laxi;31.9212;94.0476;
Ulan;39.0937;107.9802;
Dawu;34.4662;100.2299;
Mainling;29.192;94.1685;
Shuguang;47.7241;128.674;
Sa’gya;28.9064;88.0195;
Nierong;32.1131;92.2948;
Wucheng;31.2837;117.9019;
Baishan;23.7135;108.1709;
Mêdog;29.3285;95.3306;
Yanshou;45.4532;128.3268;
Xarlung;29.9;93.3;
Gyamotang;31.5333;95.4333;
Ri’ngoin;29.605;89.005;
Huzhong;51.95;123.6667;
Damxoi;28.4667;91.55;
Lhünzhub;30.201;91.301;
Xayar;41.23;82.8058;
Gyangkar;28.3674;87.7688;
Shiguai;40.7058;110.2856;
Huichang;25.6007;115.778;
Gangba;28.2166;88.4743;
Ngamring;29.2333;87.1667;
Kambaxoi;28.2166;88.4743;
Zhongcun;27.7981;100.2054;
Qian’an;44.9932;124.0581;
Lazanzhong;28.2212;99.7322;
Lixin Chengguanzhen;33.1433;116.2272;
Wenquan;34.9353;113.0733;
Xinlin;51.7;124.3333;
Congdü;28.1333;85.9667;
Baiyu;28.5766;99.672;
Hongshan;47.9758;129.022;
Mandalt;43.8559;113.6424;
Dalain Hob;41.9653;101.0639;
Zhowagoin;28.6664;97.4663;
Gyigang;28.6667;97.5167;
Burang;30.3013;81.1746;
Qajortêbu;30.9343;88.7056;
Ehen Hudag;39.2;101.6667;
Youhao;47.8531;128.8357;
Zhadün;29.65;84.1667;
Shaliuhe;37.326;100.1344;
Bala Ga’er Gaole;44.5915;117.6237;
Zhize;21.7554;111.6143;
Zongga;28.8544;85.2952;
Pubu;31.3654;90.017;
Sangri;29.3;92.0833;
Dangchengwan;39.5001;95.0408;
Shangdu;42.2477;115.9926;
Luring;32.3053;84.0602;
Gangsha;30.977;81.2875;
Toding;31.4806;79.7981;
Binzhou;45.7549;127.4858;
Maindong;31.3333;85.4167;
Geji;32.4006;81.1484;
Lumaka;33.0862;80.3678;
Lhozhag;28.39;90.8598;
Zhabu;33.1189;83.3038;
Sêrkang;32.2167;92.1167;
Zangkaxa;33.7129;80.3768;
Xagmakajor;31.4944;82.3324;
Qumodê;32.2008;79.1845;
Rutog;33.3842;79.7298;
Langjiu;32.3595;80.4268;
Shahe;39.1416;100.1784;
Jisegumen;34.0642;80.7712;
Xoixar;27.903;91.903;
Xilinji;52.9906;123.2352;
